mcell,n_events,median_initial_abs_move,median_residual_1d,median_residual_3d,median_residual_7d,median_residual_14d,median_residual_30d,verdict
HH_HA_HE,11342,0.20237669348716736,0.2851030230522156,0.44687438011169434,0.6799399852752686,0.9637321829795837,1.5307469367980957,RESIDUAL_OVERLAY_MAPPED
HH_HA_LE,22637,0.2270592600107193,0.28695032000541687,0.44319063425064087,0.6516597270965576,0.9379460215568542,1.5105535984039307,RESIDUAL_OVERLAY_MAPPED
HH_LA_HE,12192,0.18910804390907288,0.2969589829444885,0.47083452343940735,0.6790974736213684,0.9669142365455627,1.5797226428985596,RESIDUAL_OVERLAY_MAPPED
HH_LA_LE,23052,0.20956172049045563,0.2964504659175873,0.4618660807609558,0.6472480297088623,0.9531264305114746,1.5309603214263916,RESIDUAL_OVERLAY_MAPPED
HL_HA_HE,6207,0.16012276709079742,0.27846142649650574,0.4647597670555115,0.7435045838356018,1.0157921314239502,1.662827968597412,RESIDUAL_OVERLAY_MAPPED
HL_HA_LE,6018,0.16216585040092468,0.301003634929657,0.4717312455177307,0.6554415225982666,0.9604453444480896,1.6280152797698975,RESIDUAL_OVERLAY_MAPPED
HL_LA_HE,6249,0.16323310136795044,0.3059897720813751,0.49790096282958984,0.690898060798645,0.9547739624977112,1.523603916168213,RESIDUAL_OVERLAY_MAPPED
HL_LA_LE,5463,0.1572018414735794,0.2972959876060486,0.4893856346607208,0.6908701062202454,0.9536150097846985,1.4652080535888672,RESIDUAL_OVERLAY_MAPPED
LH_HA_HE,3918,0.20739516615867615,0.2410421371459961,0.3975164294242859,0.6166124939918518,0.8757802248001099,1.401456356048584,RESIDUAL_OVERLAY_MAPPED
LH_HA_LE,3845,0.18546336889266968,0.27728381752967834,0.5,0.6239902973175049,0.7753934264183044,1.2634363174438477,RESIDUAL_OVERLAY_MAPPED
LH_LA_HE,5681,0.17513148486614227,0.2887611985206604,0.45788267254829407,0.7027978897094727,0.9591976404190063,1.4276530742645264,RESIDUAL_OVERLAY_MAPPED
LH_LA_LE,10252,0.18137061595916748,0.3325114846229553,0.5076748132705688,0.6071092486381531,0.8096363544464111,1.3855633735656738,RESIDUAL_OVERLAY_MAPPED
LL_HA_HE,8516,0.1742631047964096,0.27152734994888306,0.4627150297164917,0.6282867789268494,0.8477693796157837,1.2997465133666992,RESIDUAL_OVERLAY_MAPPED
LL_HA_LE,13489,0.19238470494747162,0.2720738649368286,0.438774436712265,0.5950955152511597,0.8170046806335449,1.2284027338027954,RESIDUAL_OVERLAY_MAPPED
LL_LA_HE,14525,0.15482521057128906,0.3355773091316223,0.47581517696380615,0.6352006196975708,0.852005660533905,1.30861234664917,RESIDUAL_OVERLAY_MAPPED
LL_LA_LE,24480,0.1713813990354538,0.2827438414096832,0.48181819915771484,0.6345055103302002,0.8527255654335022,1.2597724199295044,RESIDUAL_OVERLAY_MAPPED
