metric,band_a,band_b,state,state_days,lag_days,corr,perm_p,n,uncond_best_lag,uncond_best_corr,state_conditioned,workstream,fdr_q
ew_return_1d,1-10,11-25,BTC_UP,1127,-7,-0.0373,0.199,1084,-1,-0.1049,False,B,0.3239
ew_return_1d,1-10,11-25,BTC_UP,1127,-3,-0.0358,0.3085,1089,-1,-0.1049,False,B,0.4589
ew_return_1d,1-10,11-25,BTC_UP,1127,-1,-0.0891,0.01,1088,-1,-0.1049,False,B,0.0356
ew_return_1d,1-10,11-25,BTC_UP,1127,1,-0.0859,0.01,1088,-1,-0.1049,False,B,0.0356
ew_return_1d,1-10,11-25,BTC_UP,1127,3,-0.0054,0.8806,1089,-1,-0.1049,False,B,0.9209
ew_return_1d,1-10,11-25,BTC_UP,1127,7,-0.0339,0.2239,1084,-1,-0.1049,False,B,0.3578
ew_return_1d,1-10,11-25,BTC_DOWN,962,-7,0.0415,0.1791,926,-1,-0.1049,False,B,0.2998
ew_return_1d,1-10,11-25,BTC_DOWN,962,-3,-0.0817,0.01,929,-1,-0.1049,False,B,0.0356
ew_return_1d,1-10,11-25,BTC_DOWN,962,-1,-0.1444,0.005,932,-1,-0.1049,False,B,0.0241
ew_return_1d,1-10,11-25,BTC_DOWN,962,1,-0.1459,0.005,932,-1,-0.1049,False,B,0.0241
ew_return_1d,1-10,11-25,BTC_DOWN,962,3,-0.1007,0.0199,929,-1,-0.1049,True,B,0.0566
ew_return_1d,1-10,11-25,BTC_DOWN,962,7,0.0153,0.6318,926,-1,-0.1049,False,B,0.7345
ew_return_1d,1-10,11-25,VOL_HIGH,656,-7,0.0131,0.7313,622,-1,-0.1049,False,B,0.8192
ew_return_1d,1-10,11-25,VOL_HIGH,656,-3,-0.0517,0.1592,625,-1,-0.1049,False,B,0.2756
ew_return_1d,1-10,11-25,VOL_HIGH,656,-1,-0.1676,0.005,628,-1,-0.1049,False,B,0.0241
ew_return_1d,1-10,11-25,VOL_HIGH,656,1,-0.1863,0.005,628,-1,-0.1049,False,B,0.0241
ew_return_1d,1-10,11-25,VOL_HIGH,656,3,-0.0755,0.0995,625,-1,-0.1049,False,B,0.1909
ew_return_1d,1-10,11-25,VOL_HIGH,656,7,-0.0133,0.801,622,-1,-0.1049,False,B,0.8685
ew_return_1d,1-10,11-25,VOL_LOW,864,-7,0.0225,0.5075,838,-1,-0.1049,False,B,0.6451
ew_return_1d,1-10,11-25,VOL_LOW,864,-3,0.0163,0.6318,841,-1,-0.1049,False,B,0.7345
ew_return_1d,1-10,11-25,VOL_LOW,864,-1,-0.0827,0.01,843,-1,-0.1049,False,B,0.0356
ew_return_1d,1-10,11-25,VOL_LOW,864,1,-0.0749,0.0498,843,-1,-0.1049,False,B,0.1116
ew_return_1d,1-10,11-25,VOL_LOW,864,3,0.0139,0.6766,841,-1,-0.1049,False,B,0.7726
ew_return_1d,1-10,11-25,VOL_LOW,864,7,0.0173,0.6368,838,-1,-0.1049,False,B,0.7367
ew_return_1d,1-10,11-25,BREADTH_EXPANDING,715,-7,-0.0141,0.7811,690,-1,-0.1049,False,B,0.8561
ew_return_1d,1-10,11-25,BREADTH_EXPANDING,715,-3,-0.0278,0.4328,694,-1,-0.1049,False,B,0.5771
ew_return_1d,1-10,11-25,BREADTH_EXPANDING,715,-1,-0.1181,0.005,694,-1,-0.1049,False,B,0.0241
ew_return_1d,1-10,11-25,BREADTH_EXPANDING,715,1,-0.0958,0.0149,694,-1,-0.1049,False,B,0.0461
ew_return_1d,1-10,11-25,BREADTH_EXPANDING,715,3,0.0033,0.9353,694,-1,-0.1049,False,B,0.9597
ew_return_1d,1-10,11-25,BREADTH_EXPANDING,715,7,0.0012,0.99,690,-1,-0.1049,False,B,0.9942
ew_return_1d,1-10,11-25,BREADTH_CONTRACTING,1481,-7,0.0684,0.0299,1425,-1,-0.1049,True,B,0.0759
ew_return_1d,1-10,11-25,BREADTH_CONTRACTING,1481,-3,-0.0512,0.0448,1429,-1,-0.1049,False,B,0.1023
ew_return_1d,1-10,11-25,BREADTH_CONTRACTING,1481,-1,-0.1325,0.005,1432,-1,-0.1049,False,B,0.0241
ew_return_1d,1-10,11-25,BREADTH_CONTRACTING,1481,1,-0.1359,0.005,1432,-1,-0.1049,False,B,0.0241
ew_return_1d,1-10,11-25,BREADTH_CONTRACTING,1481,3,-0.0587,0.0249,1429,-1,-0.1049,True,B,0.0658
ew_return_1d,1-10,11-25,BREADTH_CONTRACTING,1481,7,0.0404,0.1244,1425,-1,-0.1049,False,B,0.227
ew_return_1d,1-10,11-25,SC_INFLOW,1550,-7,0.0156,0.4876,1499,-1,-0.1049,False,B,0.6323
ew_return_1d,1-10,11-25,SC_INFLOW,1550,-3,-0.038,0.1493,1503,-1,-0.1049,False,B,0.2616
ew_return_1d,1-10,11-25,SC_INFLOW,1550,-1,-0.1007,0.005,1505,-1,-0.1049,False,B,0.0241
ew_return_1d,1-10,11-25,SC_INFLOW,1550,1,-0.1,0.005,1505,-1,-0.1049,False,B,0.0241
ew_return_1d,1-10,11-25,SC_INFLOW,1550,3,-0.0296,0.3134,1503,-1,-0.1049,False,B,0.4632
ew_return_1d,1-10,11-25,SC_INFLOW,1550,7,-0.0191,0.5224,1499,-1,-0.1049,False,B,0.6558
ew_return_1d,1-10,11-25,SC_OUTFLOW,646,-7,0.0194,0.5771,617,-1,-0.1049,False,B,0.6925
ew_return_1d,1-10,11-25,SC_OUTFLOW,646,-3,-0.0084,0.806,619,-1,-0.1049,False,B,0.8686
ew_return_1d,1-10,11-25,SC_OUTFLOW,646,-1,-0.1179,0.005,621,-1,-0.1049,False,B,0.0241
ew_return_1d,1-10,11-25,SC_OUTFLOW,646,1,-0.1062,0.0149,621,-1,-0.1049,False,B,0.0461
ew_return_1d,1-10,11-25,SC_OUTFLOW,646,3,-0.0123,0.7463,619,-1,-0.1049,False,B,0.8308
ew_return_1d,1-10,11-25,SC_OUTFLOW,646,7,0.0036,0.9104,617,-1,-0.1049,False,B,0.9423
ew_return_1d,1-10,11-25,CONC_RISING,1112,-7,0.0314,0.3333,1066,-1,-0.1049,False,B,0.4886
ew_return_1d,1-10,11-25,CONC_RISING,1112,-3,-0.0932,0.005,1071,-1,-0.1049,False,B,0.0241
ew_return_1d,1-10,11-25,CONC_RISING,1112,-1,-0.0157,0.5473,1071,-1,-0.1049,False,B,0.6727
ew_return_1d,1-10,11-25,CONC_RISING,1112,1,-0.0333,0.2886,1071,-1,-0.1049,False,B,0.4366
ew_return_1d,1-10,11-25,CONC_RISING,1112,3,-0.0747,0.01,1071,-1,-0.1049,True,B,0.0356
ew_return_1d,1-10,11-25,CONC_RISING,1112,7,0.0076,0.801,1066,-1,-0.1049,False,B,0.8685
ew_return_1d,1-10,11-25,CONC_FALLING,1077,-7,0.0291,0.3831,1042,-1,-0.1049,False,B,0.5318
ew_return_1d,1-10,11-25,CONC_FALLING,1077,-3,0.0209,0.4975,1047,-1,-0.1049,False,B,0.6393
ew_return_1d,1-10,11-25,CONC_FALLING,1077,-1,-0.1626,0.005,1048,-1,-0.1049,False,B,0.0241
ew_return_1d,1-10,11-25,CONC_FALLING,1077,1,-0.1432,0.005,1048,-1,-0.1049,False,B,0.0241
ew_return_1d,1-10,11-25,CONC_FALLING,1077,3,0.0189,0.6219,1047,-1,-0.1049,False,B,0.7302
ew_return_1d,1-10,11-25,CONC_FALLING,1077,7,0.0327,0.2687,1042,-1,-0.1049,False,B,0.4145
ew_return_1d,11-25,26-50,BTC_UP,1127,-7,-0.0428,0.1692,1084,1,-0.0877,False,B,0.2859
ew_return_1d,11-25,26-50,BTC_UP,1127,-3,-0.0255,0.4726,1089,1,-0.0877,False,B,0.6208
ew_return_1d,11-25,26-50,BTC_UP,1127,-1,-0.0701,0.0149,1088,1,-0.0877,False,B,0.0461
ew_return_1d,11-25,26-50,BTC_UP,1127,1,-0.0923,0.01,1088,1,-0.0877,False,B,0.0356
ew_return_1d,11-25,26-50,BTC_UP,1127,3,-0.0196,0.5373,1089,1,-0.0877,False,B,0.6627
ew_return_1d,11-25,26-50,BTC_UP,1127,7,-0.0435,0.1244,1084,1,-0.0877,False,B,0.227
ew_return_1d,11-25,26-50,BTC_DOWN,962,-7,-0.0074,0.7761,926,1,-0.0877,False,B,0.8561
ew_return_1d,11-25,26-50,BTC_DOWN,962,-3,-0.0916,0.0149,929,1,-0.0877,True,B,0.0461
ew_return_1d,11-25,26-50,BTC_DOWN,962,-1,-0.1218,0.005,932,1,-0.0877,False,B,0.0241
ew_return_1d,11-25,26-50,BTC_DOWN,962,1,-0.1123,0.0149,932,1,-0.0877,False,B,0.0461
ew_return_1d,11-25,26-50,BTC_DOWN,962,3,-0.0875,0.0249,929,1,-0.0877,False,B,0.0658
ew_return_1d,11-25,26-50,BTC_DOWN,962,7,0.0234,0.403,926,1,-0.0877,False,B,0.554
ew_return_1d,11-25,26-50,VOL_HIGH,656,-7,-0.0212,0.6567,622,1,-0.0877,False,B,0.756
ew_return_1d,11-25,26-50,VOL_HIGH,656,-3,-0.0733,0.0945,625,1,-0.0877,False,B,0.1833
ew_return_1d,11-25,26-50,VOL_HIGH,656,-1,-0.1672,0.005,628,1,-0.0877,False,B,0.0241
ew_return_1d,11-25,26-50,VOL_HIGH,656,1,-0.1469,0.005,628,1,-0.0877,False,B,0.0241
ew_return_1d,11-25,26-50,VOL_HIGH,656,3,-0.06,0.1692,625,1,-0.0877,False,B,0.2859
ew_return_1d,11-25,26-50,VOL_HIGH,656,7,0.01,0.8507,622,1,-0.0877,False,B,0.8989
ew_return_1d,11-25,26-50,VOL_LOW,864,-7,0.0251,0.4229,838,1,-0.0877,False,B,0.5714
ew_return_1d,11-25,26-50,VOL_LOW,864,-3,0.012,0.7811,841,1,-0.0877,False,B,0.8561
ew_return_1d,11-25,26-50,VOL_LOW,864,-1,-0.0549,0.0995,843,1,-0.0877,False,B,0.1909
ew_return_1d,11-25,26-50,VOL_LOW,864,1,-0.0651,0.0448,843,1,-0.0877,False,B,0.1023
ew_return_1d,11-25,26-50,VOL_LOW,864,3,0.0235,0.5025,841,1,-0.0877,False,B,0.6433
ew_return_1d,11-25,26-50,VOL_LOW,864,7,0.0226,0.4826,838,1,-0.0877,False,B,0.6292
ew_return_1d,11-25,26-50,BREADTH_EXPANDING,715,-7,-0.0169,0.6716,690,1,-0.0877,False,B,0.7682
ew_return_1d,11-25,26-50,BREADTH_EXPANDING,715,-3,-0.0255,0.4975,694,1,-0.0877,False,B,0.6393
ew_return_1d,11-25,26-50,BREADTH_EXPANDING,715,-1,-0.0808,0.0398,694,1,-0.0877,False,B,0.0933
ew_return_1d,11-25,26-50,BREADTH_EXPANDING,715,1,-0.113,0.0149,694,1,-0.0877,False,B,0.0461
ew_return_1d,11-25,26-50,BREADTH_EXPANDING,715,3,-0.0135,0.6318,694,1,-0.0877,False,B,0.7345
ew_return_1d,11-25,26-50,BREADTH_EXPANDING,715,7,-0.0018,0.9701,690,1,-0.0877,False,B,0.9812
ew_return_1d,11-25,26-50,BREADTH_CONTRACTING,1481,-7,0.0302,0.2587,1425,1,-0.0877,False,B,0.4034
ew_return_1d,11-25,26-50,BREADTH_CONTRACTING,1481,-3,-0.0659,0.005,1429,1,-0.0877,True,B,0.0241
ew_return_1d,11-25,26-50,BREADTH_CONTRACTING,1481,-1,-0.1187,0.005,1432,1,-0.0877,False,B,0.0241
ew_return_1d,11-25,26-50,BREADTH_CONTRACTING,1481,1,-0.1085,0.005,1432,1,-0.0877,False,B,0.0241
ew_return_1d,11-25,26-50,BREADTH_CONTRACTING,1481,3,-0.0617,0.0199,1429,1,-0.0877,False,B,0.0566
ew_return_1d,11-25,26-50,BREADTH_CONTRACTING,1481,7,0.0441,0.0796,1425,1,-0.0877,False,B,0.1601
ew_return_1d,11-25,26-50,SC_INFLOW,1550,-7,-0.026,0.398,1499,1,-0.0877,False,B,0.5493
ew_return_1d,11-25,26-50,SC_INFLOW,1550,-3,-0.0404,0.1891,1503,1,-0.0877,False,B,0.3114
ew_return_1d,11-25,26-50,SC_INFLOW,1550,-1,-0.0824,0.01,1505,1,-0.0877,False,B,0.0356
ew_return_1d,11-25,26-50,SC_INFLOW,1550,1,-0.0798,0.01,1505,1,-0.0877,False,B,0.0356
ew_return_1d,11-25,26-50,SC_INFLOW,1550,3,-0.0459,0.1045,1503,1,-0.0877,False,B,0.1973
ew_return_1d,11-25,26-50,SC_INFLOW,1550,7,0.0081,0.796,1499,1,-0.0877,False,B,0.867
ew_return_1d,11-25,26-50,SC_OUTFLOW,646,-7,0.0204,0.5821,617,1,-0.0877,False,B,0.6962
ew_return_1d,11-25,26-50,SC_OUTFLOW,646,-3,-0.0335,0.3483,619,1,-0.0877,False,B,0.5002
ew_return_1d,11-25,26-50,SC_OUTFLOW,646,-1,-0.0878,0.0149,621,1,-0.0877,False,B,0.0461
ew_return_1d,11-25,26-50,SC_OUTFLOW,646,1,-0.113,0.01,621,1,-0.0877,False,B,0.0356
ew_return_1d,11-25,26-50,SC_OUTFLOW,646,3,-0.0123,0.6965,619,1,-0.0877,False,B,0.789
ew_return_1d,11-25,26-50,SC_OUTFLOW,646,7,0.0074,0.8557,617,1,-0.0877,False,B,0.9029
ew_return_1d,11-25,26-50,CONC_RISING,1112,-7,0.0252,0.4179,1066,1,-0.0877,False,B,0.5679
ew_return_1d,11-25,26-50,CONC_RISING,1112,-3,-0.0751,0.0199,1071,1,-0.0877,True,B,0.0566
ew_return_1d,11-25,26-50,CONC_RISING,1112,-1,-0.0315,0.2687,1071,1,-0.0877,False,B,0.4145
ew_return_1d,11-25,26-50,CONC_RISING,1112,1,-0.006,0.8706,1071,1,-0.0877,False,B,0.9118
ew_return_1d,11-25,26-50,CONC_RISING,1112,3,-0.0907,0.005,1071,1,-0.0877,False,B,0.0241
ew_return_1d,11-25,26-50,CONC_RISING,1112,7,0.0355,0.2488,1066,1,-0.0877,False,B,0.3914
ew_return_1d,11-25,26-50,CONC_FALLING,1077,-7,0.0285,0.3632,1042,1,-0.0877,False,B,0.5122
ew_return_1d,11-25,26-50,CONC_FALLING,1077,-3,0.0119,0.7562,1047,1,-0.0877,False,B,0.8405
ew_return_1d,11-25,26-50,CONC_FALLING,1077,-1,-0.1333,0.005,1048,1,-0.0877,False,B,0.0241
ew_return_1d,11-25,26-50,CONC_FALLING,1077,1,-0.145,0.005,1048,1,-0.0877,False,B,0.0241
ew_return_1d,11-25,26-50,CONC_FALLING,1077,3,0.0136,0.7214,1047,1,-0.0877,False,B,0.8107
ew_return_1d,11-25,26-50,CONC_FALLING,1077,7,0.037,0.204,1042,1,-0.0877,False,B,0.3305
ew_return_1d,26-50,51-100,BTC_UP,1127,-7,-0.0483,0.0647,1084,-1,-0.0813,False,B,0.1367
ew_return_1d,26-50,51-100,BTC_UP,1127,-3,-0.0273,0.3532,1089,-1,-0.0813,False,B,0.5042
ew_return_1d,26-50,51-100,BTC_UP,1127,-1,-0.0782,0.0149,1088,-1,-0.0813,False,B,0.0461
ew_return_1d,26-50,51-100,BTC_UP,1127,1,-0.067,0.0398,1088,-1,-0.0813,False,B,0.0933
ew_return_1d,26-50,51-100,BTC_UP,1127,3,-0.0204,0.5871,1089,-1,-0.0813,False,B,0.6998
ew_return_1d,26-50,51-100,BTC_UP,1127,7,-0.0558,0.0547,1084,-1,-0.0813,False,B,0.1199
ew_return_1d,26-50,51-100,BTC_DOWN,962,-7,0.001,0.9801,926,-1,-0.0813,False,B,0.9885
ew_return_1d,26-50,51-100,BTC_DOWN,962,-3,-0.0822,0.0199,929,-1,-0.0813,False,B,0.0566
ew_return_1d,26-50,51-100,BTC_DOWN,962,-1,-0.1127,0.005,932,-1,-0.0813,False,B,0.0241
ew_return_1d,26-50,51-100,BTC_DOWN,962,1,-0.0903,0.005,932,-1,-0.0813,False,B,0.0241
ew_return_1d,26-50,51-100,BTC_DOWN,962,3,-0.0748,0.0348,929,-1,-0.0813,True,B,0.0858
ew_return_1d,26-50,51-100,BTC_DOWN,962,7,-0.0212,0.5174,926,-1,-0.0813,False,B,0.6518
ew_return_1d,26-50,51-100,VOL_HIGH,656,-7,-0.0219,0.6965,622,-1,-0.0813,False,B,0.789
ew_return_1d,26-50,51-100,VOL_HIGH,656,-3,-0.0603,0.1493,625,-1,-0.0813,False,B,0.2616
ew_return_1d,26-50,51-100,VOL_HIGH,656,-1,-0.1565,0.005,628,-1,-0.0813,False,B,0.0241
ew_return_1d,26-50,51-100,VOL_HIGH,656,1,-0.141,0.0199,628,-1,-0.0813,False,B,0.0566
ew_return_1d,26-50,51-100,VOL_HIGH,656,3,-0.0524,0.2637,625,-1,-0.0813,False,B,0.4094
ew_return_1d,26-50,51-100,VOL_HIGH,656,7,-0.033,0.4229,622,-1,-0.0813,False,B,0.5714
ew_return_1d,26-50,51-100,VOL_LOW,864,-7,0.0187,0.5075,838,-1,-0.0813,False,B,0.6451
ew_return_1d,26-50,51-100,VOL_LOW,864,-3,0.0059,0.9154,841,-1,-0.0813,False,B,0.9434
ew_return_1d,26-50,51-100,VOL_LOW,864,-1,-0.0515,0.1045,843,-1,-0.0813,False,B,0.1973
ew_return_1d,26-50,51-100,VOL_LOW,864,1,-0.049,0.1841,843,-1,-0.0813,False,B,0.3045
ew_return_1d,26-50,51-100,VOL_LOW,864,3,0.0258,0.5124,841,-1,-0.0813,False,B,0.6478
ew_return_1d,26-50,51-100,VOL_LOW,864,7,0.0175,0.607,838,-1,-0.0813,False,B,0.7151
ew_return_1d,26-50,51-100,BREADTH_EXPANDING,715,-7,-0.0175,0.6517,690,-1,-0.0813,False,B,0.7527
ew_return_1d,26-50,51-100,BREADTH_EXPANDING,715,-3,-0.019,0.7015,694,-1,-0.0813,False,B,0.7934
ew_return_1d,26-50,51-100,BREADTH_EXPANDING,715,-1,-0.1016,0.01,694,-1,-0.0813,False,B,0.0356
ew_return_1d,26-50,51-100,BREADTH_EXPANDING,715,1,-0.0848,0.0597,694,-1,-0.0813,False,B,0.1285
ew_return_1d,26-50,51-100,BREADTH_EXPANDING,715,3,-0.0081,0.806,694,-1,-0.0813,False,B,0.8686
ew_return_1d,26-50,51-100,BREADTH_EXPANDING,715,7,-0.0382,0.2786,690,-1,-0.0813,False,B,0.4242
ew_return_1d,26-50,51-100,BREADTH_CONTRACTING,1481,-7,0.0268,0.2886,1425,-1,-0.0813,False,B,0.4366
ew_return_1d,26-50,51-100,BREADTH_CONTRACTING,1481,-3,-0.0605,0.0448,1429,-1,-0.0813,False,B,0.1023
ew_return_1d,26-50,51-100,BREADTH_CONTRACTING,1481,-1,-0.1054,0.005,1432,-1,-0.0813,False,B,0.0241
ew_return_1d,26-50,51-100,BREADTH_CONTRACTING,1481,1,-0.0893,0.01,1432,-1,-0.0813,False,B,0.0356
ew_return_1d,26-50,51-100,BREADTH_CONTRACTING,1481,3,-0.0526,0.0597,1429,-1,-0.0813,False,B,0.1285
ew_return_1d,26-50,51-100,BREADTH_CONTRACTING,1481,7,0.0234,0.3383,1425,-1,-0.0813,False,B,0.4898
ew_return_1d,26-50,51-100,SC_INFLOW,1550,-7,-0.0172,0.5622,1499,-1,-0.0813,False,B,0.6839
ew_return_1d,26-50,51-100,SC_INFLOW,1550,-3,-0.0422,0.1045,1503,-1,-0.0813,False,B,0.1973
ew_return_1d,26-50,51-100,SC_INFLOW,1550,-1,-0.0794,0.005,1505,-1,-0.0813,False,B,0.0241
ew_return_1d,26-50,51-100,SC_INFLOW,1550,1,-0.0609,0.0398,1505,-1,-0.0813,False,B,0.0933
ew_return_1d,26-50,51-100,SC_INFLOW,1550,3,-0.0295,0.3383,1503,-1,-0.0813,False,B,0.4898
ew_return_1d,26-50,51-100,SC_INFLOW,1550,7,-0.0274,0.2438,1499,-1,-0.0813,False,B,0.387
ew_return_1d,26-50,51-100,SC_OUTFLOW,646,-7,0.0019,0.9652,617,-1,-0.0813,False,B,0.9804
ew_return_1d,26-50,51-100,SC_OUTFLOW,646,-3,-0.0163,0.6816,619,-1,-0.0813,False,B,0.7758
ew_return_1d,26-50,51-100,SC_OUTFLOW,646,-1,-0.0901,0.0149,621,-1,-0.0813,False,B,0.0461
ew_return_1d,26-50,51-100,SC_OUTFLOW,646,1,-0.0654,0.0647,621,-1,-0.0813,False,B,0.1367
ew_return_1d,26-50,51-100,SC_OUTFLOW,646,3,-0.01,0.8109,619,-1,-0.0813,False,B,0.8686
ew_return_1d,26-50,51-100,SC_OUTFLOW,646,7,0.0046,0.8955,617,-1,-0.0813,False,B,0.931
ew_return_1d,26-50,51-100,CONC_RISING,1112,-7,0.0303,0.3632,1066,-1,-0.0813,False,B,0.5122
ew_return_1d,26-50,51-100,CONC_RISING,1112,-3,-0.0775,0.0149,1071,-1,-0.0813,False,B,0.0461
ew_return_1d,26-50,51-100,CONC_RISING,1112,-1,-0.0081,0.801,1071,-1,-0.0813,False,B,0.8685
ew_return_1d,26-50,51-100,CONC_RISING,1112,1,0.003,0.9453,1071,-1,-0.0813,False,B,0.9672
ew_return_1d,26-50,51-100,CONC_RISING,1112,3,-0.0626,0.0199,1071,-1,-0.0813,True,B,0.0566
ew_return_1d,26-50,51-100,CONC_RISING,1112,7,0.0255,0.408,1066,-1,-0.0813,False,B,0.5598
ew_return_1d,26-50,51-100,CONC_FALLING,1077,-7,0.0272,0.4129,1042,-1,-0.0813,False,B,0.5633
ew_return_1d,26-50,51-100,CONC_FALLING,1077,-3,0.0034,0.9502,1047,-1,-0.0813,False,B,0.9708
ew_return_1d,26-50,51-100,CONC_FALLING,1077,-1,-0.1425,0.005,1048,-1,-0.0813,False,B,0.0241
ew_return_1d,26-50,51-100,CONC_FALLING,1077,1,-0.1232,0.005,1048,-1,-0.0813,False,B,0.0241
ew_return_1d,26-50,51-100,CONC_FALLING,1077,3,0.0007,0.9801,1047,-1,-0.0813,False,B,0.9885
ew_return_1d,26-50,51-100,CONC_FALLING,1077,7,0.0183,0.5274,1042,-1,-0.0813,False,B,0.6597
ew_return_1d,51-100,101-200,BTC_UP,1127,-7,-0.0492,0.0796,1084,-1,-0.0677,False,B,0.1601
ew_return_1d,51-100,101-200,BTC_UP,1127,-3,-0.0209,0.5124,1089,-1,-0.0677,False,B,0.6478
ew_return_1d,51-100,101-200,BTC_UP,1127,-1,-0.0698,0.01,1088,-1,-0.0677,False,B,0.0356
ew_return_1d,51-100,101-200,BTC_UP,1127,1,-0.0416,0.199,1088,-1,-0.0677,False,B,0.3239
ew_return_1d,51-100,101-200,BTC_UP,1127,3,-0.0254,0.4129,1089,-1,-0.0677,False,B,0.5633
ew_return_1d,51-100,101-200,BTC_UP,1127,7,-0.0541,0.0547,1084,-1,-0.0677,False,B,0.1199
ew_return_1d,51-100,101-200,BTC_DOWN,962,-7,-0.0187,0.597,926,-1,-0.0677,False,B,0.7092
ew_return_1d,51-100,101-200,BTC_DOWN,962,-3,-0.0634,0.0647,929,-1,-0.0677,False,B,0.1367
ew_return_1d,51-100,101-200,BTC_DOWN,962,-1,-0.0916,0.01,932,-1,-0.0677,False,B,0.0356
ew_return_1d,51-100,101-200,BTC_DOWN,962,1,-0.082,0.0249,932,-1,-0.0677,False,B,0.0658
ew_return_1d,51-100,101-200,BTC_DOWN,962,3,-0.069,0.0746,929,-1,-0.0677,False,B,0.1535
ew_return_1d,51-100,101-200,BTC_DOWN,962,7,-0.019,0.5373,926,-1,-0.0677,False,B,0.6627
ew_return_1d,51-100,101-200,VOL_HIGH,656,-7,-0.0215,0.6667,622,-1,-0.0677,False,B,0.765
ew_return_1d,51-100,101-200,VOL_HIGH,656,-3,-0.0526,0.2189,625,-1,-0.0677,False,B,0.3506
ew_return_1d,51-100,101-200,VOL_HIGH,656,-1,-0.1432,0.005,628,-1,-0.0677,False,B,0.0241
ew_return_1d,51-100,101-200,VOL_HIGH,656,1,-0.1201,0.005,628,-1,-0.0677,False,B,0.0241
ew_return_1d,51-100,101-200,VOL_HIGH,656,3,-0.0593,0.1542,625,-1,-0.0677,False,B,0.2696
ew_return_1d,51-100,101-200,VOL_HIGH,656,7,-0.0307,0.4527,622,-1,-0.0677,False,B,0.5991
ew_return_1d,51-100,101-200,VOL_LOW,864,-7,0.0168,0.5871,838,-1,-0.0677,False,B,0.6998
ew_return_1d,51-100,101-200,VOL_LOW,864,-3,0.0198,0.5323,841,-1,-0.0677,False,B,0.6612
ew_return_1d,51-100,101-200,VOL_LOW,864,-1,-0.0581,0.0746,843,-1,-0.0677,False,B,0.1535
ew_return_1d,51-100,101-200,VOL_LOW,864,1,-0.0401,0.194,843,-1,-0.0677,False,B,0.3172
ew_return_1d,51-100,101-200,VOL_LOW,864,3,0.0267,0.4378,841,-1,-0.0677,False,B,0.5826
ew_return_1d,51-100,101-200,VOL_LOW,864,7,0.015,0.5672,838,-1,-0.0677,False,B,0.6865
ew_return_1d,51-100,101-200,BREADTH_EXPANDING,715,-7,-0.0211,0.6269,690,-1,-0.0677,False,B,0.7324
ew_return_1d,51-100,101-200,BREADTH_EXPANDING,715,-3,0.0013,0.9701,694,-1,-0.0677,False,B,0.9812
ew_return_1d,51-100,101-200,BREADTH_EXPANDING,715,-1,-0.0895,0.0249,694,-1,-0.0677,False,B,0.0658
ew_return_1d,51-100,101-200,BREADTH_EXPANDING,715,1,-0.0588,0.1244,694,-1,-0.0677,False,B,0.227
ew_return_1d,51-100,101-200,BREADTH_EXPANDING,715,3,-0.0098,0.806,694,-1,-0.0677,False,B,0.8686
ew_return_1d,51-100,101-200,BREADTH_EXPANDING,715,7,-0.0256,0.5224,690,-1,-0.0677,False,B,0.6558
ew_return_1d,51-100,101-200,BREADTH_CONTRACTING,1481,-7,0.0158,0.5025,1425,-1,-0.0677,False,B,0.6433
ew_return_1d,51-100,101-200,BREADTH_CONTRACTING,1481,-3,-0.0498,0.0697,1429,-1,-0.0677,False,B,0.1456
ew_return_1d,51-100,101-200,BREADTH_CONTRACTING,1481,-1,-0.0927,0.005,1432,-1,-0.0677,False,B,0.0241
ew_return_1d,51-100,101-200,BREADTH_CONTRACTING,1481,1,-0.078,0.01,1432,-1,-0.0677,False,B,0.0356
ew_return_1d,51-100,101-200,BREADTH_CONTRACTING,1481,3,-0.0483,0.0746,1429,-1,-0.0677,False,B,0.1535
ew_return_1d,51-100,101-200,BREADTH_CONTRACTING,1481,7,0.016,0.4776,1425,-1,-0.0677,False,B,0.625
ew_return_1d,51-100,101-200,SC_INFLOW,1550,-7,-0.022,0.403,1499,-1,-0.0677,False,B,0.554
ew_return_1d,51-100,101-200,SC_INFLOW,1550,-3,-0.0306,0.3035,1503,-1,-0.0677,False,B,0.4533
ew_return_1d,51-100,101-200,SC_INFLOW,1550,-1,-0.0682,0.0149,1505,-1,-0.0677,False,B,0.0461
ew_return_1d,51-100,101-200,SC_INFLOW,1550,1,-0.0456,0.0896,1505,-1,-0.0677,False,B,0.1748
ew_return_1d,51-100,101-200,SC_INFLOW,1550,3,-0.0298,0.2786,1503,-1,-0.0677,False,B,0.4242
ew_return_1d,51-100,101-200,SC_INFLOW,1550,7,-0.0254,0.3483,1499,-1,-0.0677,False,B,0.5002
ew_return_1d,51-100,101-200,SC_OUTFLOW,646,-7,-0.0018,0.9602,617,-1,-0.0677,False,B,0.9782
ew_return_1d,51-100,101-200,SC_OUTFLOW,646,-3,0.0108,0.7811,619,-1,-0.0677,False,B,0.8561
ew_return_1d,51-100,101-200,SC_OUTFLOW,646,-1,-0.0662,0.0796,621,-1,-0.0677,False,B,0.1601
ew_return_1d,51-100,101-200,SC_OUTFLOW,646,1,-0.0639,0.0846,621,-1,-0.0677,False,B,0.1687
ew_return_1d,51-100,101-200,SC_OUTFLOW,646,3,0.0073,0.806,619,-1,-0.0677,False,B,0.8686
ew_return_1d,51-100,101-200,SC_OUTFLOW,646,7,0.0051,0.8955,617,-1,-0.0677,False,B,0.931
ew_return_1d,51-100,101-200,CONC_RISING,1112,-7,0.0229,0.4478,1066,-1,-0.0677,False,B,0.5937
ew_return_1d,51-100,101-200,CONC_RISING,1112,-3,-0.0816,0.0398,1071,-1,-0.0677,False,B,0.0933
ew_return_1d,51-100,101-200,CONC_RISING,1112,-1,0.0071,0.8109,1071,-1,-0.0677,False,B,0.8686
ew_return_1d,51-100,101-200,CONC_RISING,1112,1,0.0199,0.5323,1071,-1,-0.0677,False,B,0.6612
ew_return_1d,51-100,101-200,CONC_RISING,1112,3,-0.0681,0.0299,1071,-1,-0.0677,True,B,0.0759
ew_return_1d,51-100,101-200,CONC_RISING,1112,7,0.02,0.5323,1066,-1,-0.0677,False,B,0.6612
ew_return_1d,51-100,101-200,CONC_FALLING,1077,-7,0.0203,0.5771,1042,-1,-0.0677,False,B,0.6925
ew_return_1d,51-100,101-200,CONC_FALLING,1077,-3,0.0072,0.7811,1047,-1,-0.0677,False,B,0.8561
ew_return_1d,51-100,101-200,CONC_FALLING,1077,-1,-0.1355,0.005,1048,-1,-0.0677,False,B,0.0241
ew_return_1d,51-100,101-200,CONC_FALLING,1077,1,-0.1125,0.005,1048,-1,-0.0677,False,B,0.0241
ew_return_1d,51-100,101-200,CONC_FALLING,1077,3,0.0117,0.6915,1047,-1,-0.0677,False,B,0.7858
ew_return_1d,51-100,101-200,CONC_FALLING,1077,7,0.0389,0.2139,1042,-1,-0.0677,False,B,0.3434
ew_return_1d,101-200,201-300,BTC_UP,1127,-7,-0.0429,0.1294,1084,-1,-0.0569,False,B,0.2337
ew_return_1d,101-200,201-300,BTC_UP,1127,-3,0.0025,0.9403,1089,-1,-0.0569,False,B,0.9634
ew_return_1d,101-200,201-300,BTC_UP,1127,-1,-0.0489,0.0896,1088,-1,-0.0569,False,B,0.1748
ew_return_1d,101-200,201-300,BTC_UP,1127,1,-0.0557,0.0796,1088,-1,-0.0569,False,B,0.1601
ew_return_1d,101-200,201-300,BTC_UP,1127,3,-0.027,0.4179,1089,-1,-0.0569,False,B,0.5679
ew_return_1d,101-200,201-300,BTC_UP,1127,7,-0.056,0.0697,1084,-1,-0.0569,False,B,0.1456
ew_return_1d,101-200,201-300,BTC_DOWN,962,-7,-0.0256,0.4826,926,-1,-0.0569,False,B,0.6292
ew_return_1d,101-200,201-300,BTC_DOWN,962,-3,-0.0609,0.0796,929,-1,-0.0569,False,B,0.1601
ew_return_1d,101-200,201-300,BTC_DOWN,962,-1,-0.0872,0.0199,932,-1,-0.0569,False,B,0.0566
ew_return_1d,101-200,201-300,BTC_DOWN,962,1,-0.0779,0.0299,932,-1,-0.0569,False,B,0.0759
ew_return_1d,101-200,201-300,BTC_DOWN,962,3,-0.067,0.0448,929,-1,-0.0569,True,B,0.1023
ew_return_1d,101-200,201-300,BTC_DOWN,962,7,-0.0175,0.5672,926,-1,-0.0569,False,B,0.6865
ew_return_1d,101-200,201-300,VOL_HIGH,656,-7,-0.0278,0.5721,622,-1,-0.0569,False,B,0.69
ew_return_1d,101-200,201-300,VOL_HIGH,656,-3,-0.039,0.3184,625,-1,-0.0569,False,B,0.4687
ew_return_1d,101-200,201-300,VOL_HIGH,656,-1,-0.1252,0.005,628,-1,-0.0569,False,B,0.0241
ew_return_1d,101-200,201-300,VOL_HIGH,656,1,-0.1299,0.01,628,-1,-0.0569,False,B,0.0356
ew_return_1d,101-200,201-300,VOL_HIGH,656,3,-0.0484,0.2587,625,-1,-0.0569,False,B,0.4034
ew_return_1d,101-200,201-300,VOL_HIGH,656,7,-0.0161,0.7114,622,-1,-0.0569,False,B,0.8007
ew_return_1d,101-200,201-300,VOL_LOW,864,-7,0.0127,0.6269,838,-1,-0.0569,False,B,0.7324
ew_return_1d,101-200,201-300,VOL_LOW,864,-3,0.0394,0.2736,841,-1,-0.0569,False,B,0.4211
ew_return_1d,101-200,201-300,VOL_LOW,864,-1,-0.0589,0.1045,843,-1,-0.0569,False,B,0.1973
ew_return_1d,101-200,201-300,VOL_LOW,864,1,-0.0475,0.1692,843,-1,-0.0569,False,B,0.2859
ew_return_1d,101-200,201-300,VOL_LOW,864,3,0.022,0.4627,841,-1,-0.0569,False,B,0.61
ew_return_1d,101-200,201-300,VOL_LOW,864,7,0.0031,0.8905,838,-1,-0.0569,False,B,0.9285
ew_return_1d,101-200,201-300,BREADTH_EXPANDING,715,-7,-0.0103,0.7313,690,-1,-0.0569,False,B,0.8192
ew_return_1d,101-200,201-300,BREADTH_EXPANDING,715,-3,0.0154,0.6368,694,-1,-0.0569,False,B,0.7367
ew_return_1d,101-200,201-300,BREADTH_EXPANDING,715,-1,-0.0737,0.0945,694,-1,-0.0569,False,B,0.1833
ew_return_1d,101-200,201-300,BREADTH_EXPANDING,715,1,-0.0941,0.01,694,-1,-0.0569,False,B,0.0356
ew_return_1d,101-200,201-300,BREADTH_EXPANDING,715,3,0.0064,0.8507,694,-1,-0.0569,False,B,0.8989
ew_return_1d,101-200,201-300,BREADTH_EXPANDING,715,7,-0.0083,0.791,690,-1,-0.0569,False,B,0.8642
ew_return_1d,101-200,201-300,BREADTH_CONTRACTING,1481,-7,0.005,0.8109,1425,-1,-0.0569,False,B,0.8686
ew_return_1d,101-200,201-300,BREADTH_CONTRACTING,1481,-3,-0.0385,0.1244,1429,-1,-0.0569,False,B,0.227
ew_return_1d,101-200,201-300,BREADTH_CONTRACTING,1481,-1,-0.0855,0.01,1432,-1,-0.0569,False,B,0.0356
ew_return_1d,101-200,201-300,BREADTH_CONTRACTING,1481,1,-0.077,0.01,1432,-1,-0.0569,False,B,0.0356
ew_return_1d,101-200,201-300,BREADTH_CONTRACTING,1481,3,-0.0514,0.0796,1429,-1,-0.0569,False,B,0.1601
ew_return_1d,101-200,201-300,BREADTH_CONTRACTING,1481,7,0.0105,0.6716,1425,-1,-0.0569,False,B,0.7682
ew_return_1d,101-200,201-300,SC_INFLOW,1550,-7,-0.0258,0.3383,1499,-1,-0.0569,False,B,0.4898
ew_return_1d,101-200,201-300,SC_INFLOW,1550,-3,-0.0128,0.607,1503,-1,-0.0569,False,B,0.7151
ew_return_1d,101-200,201-300,SC_INFLOW,1550,-1,-0.0528,0.0299,1505,-1,-0.0569,False,B,0.0759
ew_return_1d,101-200,201-300,SC_INFLOW,1550,1,-0.0704,0.0299,1505,-1,-0.0569,False,B,0.0759
ew_return_1d,101-200,201-300,SC_INFLOW,1550,3,-0.0242,0.3483,1503,-1,-0.0569,False,B,0.5002
ew_return_1d,101-200,201-300,SC_INFLOW,1550,7,-0.0247,0.3184,1499,-1,-0.0569,False,B,0.4687
ew_return_1d,101-200,201-300,SC_OUTFLOW,646,-7,0.0096,0.796,617,-1,-0.0569,False,B,0.867
ew_return_1d,101-200,201-300,SC_OUTFLOW,646,-3,0.0307,0.3632,619,-1,-0.0569,False,B,0.5122
ew_return_1d,101-200,201-300,SC_OUTFLOW,646,-1,-0.0734,0.0398,621,-1,-0.0569,False,B,0.0933
ew_return_1d,101-200,201-300,SC_OUTFLOW,646,1,-0.0155,0.6816,621,-1,-0.0569,False,B,0.7758
ew_return_1d,101-200,201-300,SC_OUTFLOW,646,3,0.0177,0.5323,619,-1,-0.0569,False,B,0.6612
ew_return_1d,101-200,201-300,SC_OUTFLOW,646,7,0.0057,0.8358,617,-1,-0.0569,False,B,0.8858
ew_return_1d,101-200,201-300,CONC_RISING,1112,-7,0.0169,0.5721,1066,-1,-0.0569,False,B,0.69
ew_return_1d,101-200,201-300,CONC_RISING,1112,-3,-0.0685,0.0348,1071,-1,-0.0569,False,B,0.0858
ew_return_1d,101-200,201-300,CONC_RISING,1112,-1,0.0058,0.8358,1071,-1,-0.0569,False,B,0.8858
ew_return_1d,101-200,201-300,CONC_RISING,1112,1,0.0233,0.3881,1071,-1,-0.0569,False,B,0.5377
ew_return_1d,101-200,201-300,CONC_RISING,1112,3,-0.0853,0.0249,1071,-1,-0.0569,True,B,0.0658
ew_return_1d,101-200,201-300,CONC_RISING,1112,7,0.0191,0.5174,1066,-1,-0.0569,False,B,0.6518
ew_return_1d,101-200,201-300,CONC_FALLING,1077,-7,0.037,0.2786,1042,-1,-0.0569,False,B,0.4242
ew_return_1d,101-200,201-300,CONC_FALLING,1077,-3,0.0268,0.4677,1047,-1,-0.0569,False,B,0.6155
ew_return_1d,101-200,201-300,CONC_FALLING,1077,-1,-0.1116,0.005,1048,-1,-0.0569,False,B,0.0241
ew_return_1d,101-200,201-300,CONC_FALLING,1077,1,-0.1165,0.005,1048,-1,-0.0569,False,B,0.0241
ew_return_1d,101-200,201-300,CONC_FALLING,1077,3,0.02,0.5373,1047,-1,-0.0569,False,B,0.6627
ew_return_1d,101-200,201-300,CONC_FALLING,1077,7,0.0338,0.2687,1042,-1,-0.0569,False,B,0.4145
ew_return_1d,201-300,301-500,BTC_UP,1127,-7,-0.064,0.0547,1084,-1,-0.0452,False,B,0.1199
ew_return_1d,201-300,301-500,BTC_UP,1127,-3,-0.0259,0.393,1089,-1,-0.0452,False,B,0.5434
ew_return_1d,201-300,301-500,BTC_UP,1127,-1,-0.0585,0.0448,1088,-1,-0.0452,False,B,0.1023
ew_return_1d,201-300,301-500,BTC_UP,1127,1,-0.0302,0.2488,1088,-1,-0.0452,False,B,0.3914
ew_return_1d,201-300,301-500,BTC_UP,1127,3,0.0055,0.8657,1089,-1,-0.0452,False,B,0.9094
ew_return_1d,201-300,301-500,BTC_UP,1127,7,-0.0528,0.0498,1084,-1,-0.0452,True,B,0.1116
ew_return_1d,201-300,301-500,BTC_DOWN,962,-7,-0.0171,0.5423,926,-1,-0.0452,False,B,0.6677
ew_return_1d,201-300,301-500,BTC_DOWN,962,-3,-0.0749,0.0299,929,-1,-0.0452,False,B,0.0759
ew_return_1d,201-300,301-500,BTC_DOWN,962,-1,-0.0894,0.005,932,-1,-0.0452,False,B,0.0241
ew_return_1d,201-300,301-500,BTC_DOWN,962,1,-0.0771,0.0348,932,-1,-0.0452,False,B,0.0858
ew_return_1d,201-300,301-500,BTC_DOWN,962,3,-0.0584,0.1443,929,-1,-0.0452,False,B,0.2548
ew_return_1d,201-300,301-500,BTC_DOWN,962,7,-0.0336,0.3731,926,-1,-0.0452,False,B,0.522
ew_return_1d,201-300,301-500,VOL_HIGH,656,-7,-0.0255,0.602,622,-1,-0.0452,False,B,0.7139
ew_return_1d,201-300,301-500,VOL_HIGH,656,-3,-0.0495,0.2886,625,-1,-0.0452,False,B,0.4366
ew_return_1d,201-300,301-500,VOL_HIGH,656,-1,-0.1426,0.005,628,-1,-0.0452,False,B,0.0241
ew_return_1d,201-300,301-500,VOL_HIGH,656,1,-0.1166,0.005,628,-1,-0.0452,False,B,0.0241
ew_return_1d,201-300,301-500,VOL_HIGH,656,3,-0.03,0.4428,625,-1,-0.0452,False,B,0.5882
ew_return_1d,201-300,301-500,VOL_HIGH,656,7,-0.0331,0.5075,622,-1,-0.0452,False,B,0.6451
ew_return_1d,201-300,301-500,VOL_LOW,864,-7,-0.003,0.9303,838,-1,-0.0452,False,B,0.956
ew_return_1d,201-300,301-500,VOL_LOW,864,-3,0.0228,0.4925,841,-1,-0.0452,False,B,0.6375
ew_return_1d,201-300,301-500,VOL_LOW,864,-1,-0.0524,0.1791,843,-1,-0.0452,False,B,0.2998
ew_return_1d,201-300,301-500,VOL_LOW,864,1,-0.0425,0.1642,843,-1,-0.0452,False,B,0.2815
ew_return_1d,201-300,301-500,VOL_LOW,864,3,0.0323,0.3134,841,-1,-0.0452,False,B,0.4632
ew_return_1d,201-300,301-500,VOL_LOW,864,7,0.006,0.8308,838,-1,-0.0452,False,B,0.8845
ew_return_1d,201-300,301-500,BREADTH_EXPANDING,715,-7,-0.0216,0.5771,690,-1,-0.0452,False,B,0.6925
ew_return_1d,201-300,301-500,BREADTH_EXPANDING,715,-3,0.0093,0.7811,694,-1,-0.0452,False,B,0.8561
ew_return_1d,201-300,301-500,BREADTH_EXPANDING,715,-1,-0.0975,0.005,694,-1,-0.0452,False,B,0.0241
ew_return_1d,201-300,301-500,BREADTH_EXPANDING,715,1,-0.0536,0.1692,694,-1,-0.0452,False,B,0.2859
ew_return_1d,201-300,301-500,BREADTH_EXPANDING,715,3,0.0274,0.4279,694,-1,-0.0452,False,B,0.5716
ew_return_1d,201-300,301-500,BREADTH_EXPANDING,715,7,-0.02,0.5622,690,-1,-0.0452,False,B,0.6839
ew_return_1d,201-300,301-500,BREADTH_CONTRACTING,1481,-7,0.0081,0.7761,1425,-1,-0.0452,False,B,0.8561
ew_return_1d,201-300,301-500,BREADTH_CONTRACTING,1481,-3,-0.0544,0.0348,1429,-1,-0.0452,False,B,0.0858
ew_return_1d,201-300,301-500,BREADTH_CONTRACTING,1481,-1,-0.0566,0.0249,1432,-1,-0.0452,False,B,0.0658
ew_return_1d,201-300,301-500,BREADTH_CONTRACTING,1481,1,-0.0718,0.005,1432,-1,-0.0452,False,B,0.0241
ew_return_1d,201-300,301-500,BREADTH_CONTRACTING,1481,3,-0.038,0.1592,1429,-1,-0.0452,False,B,0.2756
ew_return_1d,201-300,301-500,BREADTH_CONTRACTING,1481,7,-0.0002,0.995,1425,-1,-0.0452,False,B,0.9964
ew_return_1d,201-300,301-500,SC_INFLOW,1550,-7,-0.0229,0.4279,1499,-1,-0.0452,False,B,0.5716
ew_return_1d,201-300,301-500,SC_INFLOW,1550,-3,-0.0297,0.1891,1503,-1,-0.0452,False,B,0.3114
ew_return_1d,201-300,301-500,SC_INFLOW,1550,-1,-0.0514,0.0498,1505,-1,-0.0452,False,B,0.1116
ew_return_1d,201-300,301-500,SC_INFLOW,1550,1,-0.046,0.0896,1505,-1,-0.0452,False,B,0.1748
ew_return_1d,201-300,301-500,SC_INFLOW,1550,3,-0.009,0.7861,1503,-1,-0.0452,False,B,0.8602
ew_return_1d,201-300,301-500,SC_INFLOW,1550,7,-0.0354,0.1841,1499,-1,-0.0452,False,B,0.3045
ew_return_1d,201-300,301-500,SC_OUTFLOW,646,-7,0.019,0.5572,617,-1,-0.0452,False,B,0.6813
ew_return_1d,201-300,301-500,SC_OUTFLOW,646,-3,0.0185,0.6119,619,-1,-0.0452,False,B,0.7196
ew_return_1d,201-300,301-500,SC_OUTFLOW,646,-1,-0.0234,0.4876,621,-1,-0.0452,False,B,0.6323
ew_return_1d,201-300,301-500,SC_OUTFLOW,646,1,-0.0418,0.2488,621,-1,-0.0452,False,B,0.3914
ew_return_1d,201-300,301-500,SC_OUTFLOW,646,3,0.0347,0.3532,619,-1,-0.0452,False,B,0.5042
ew_return_1d,201-300,301-500,SC_OUTFLOW,646,7,0.0101,0.8209,617,-1,-0.0452,False,B,0.8753
ew_return_1d,201-300,301-500,CONC_RISING,1112,-7,-0.0136,0.6617,1066,-1,-0.0452,False,B,0.7605
ew_return_1d,201-300,301-500,CONC_RISING,1112,-3,-0.0924,0.005,1071,-1,-0.0452,False,B,0.0241
ew_return_1d,201-300,301-500,CONC_RISING,1112,-1,0.0231,0.4279,1071,-1,-0.0452,False,B,0.5716
ew_return_1d,201-300,301-500,CONC_RISING,1112,1,0.0072,0.8706,1071,-1,-0.0452,False,B,0.9118
ew_return_1d,201-300,301-500,CONC_RISING,1112,3,-0.0641,0.0249,1071,-1,-0.0452,True,B,0.0658
ew_return_1d,201-300,301-500,CONC_RISING,1112,7,0.0148,0.607,1066,-1,-0.0452,False,B,0.7151
ew_return_1d,201-300,301-500,CONC_FALLING,1077,-7,0.0222,0.4627,1042,-1,-0.0452,False,B,0.61
ew_return_1d,201-300,301-500,CONC_FALLING,1077,-3,0.0193,0.5274,1047,-1,-0.0452,False,B,0.6597
ew_return_1d,201-300,301-500,CONC_FALLING,1077,-1,-0.1293,0.005,1048,-1,-0.0452,False,B,0.0241
ew_return_1d,201-300,301-500,CONC_FALLING,1077,1,-0.0987,0.005,1048,-1,-0.0452,False,B,0.0241
ew_return_1d,201-300,301-500,CONC_FALLING,1077,3,0.029,0.4129,1047,-1,-0.0452,False,B,0.5633
ew_return_1d,201-300,301-500,CONC_FALLING,1077,7,0.0375,0.2537,1042,-1,-0.0452,False,B,0.3983
rank_velocity_7d,1-10,11-25,BTC_UP,1127,-7,-0.1728,0.005,1074,-7,-0.1051,False,B,0.0241
rank_velocity_7d,1-10,11-25,BTC_UP,1127,-3,0.012,0.3333,1081,-7,-0.1051,False,B,0.4886
rank_velocity_7d,1-10,11-25,BTC_UP,1127,-1,0.0204,0.1642,1083,-7,-0.1051,False,B,0.2815
rank_velocity_7d,1-10,11-25,BTC_UP,1127,1,-0.0115,0.4876,1083,-7,-0.1051,False,B,0.6323
rank_velocity_7d,1-10,11-25,BTC_UP,1127,3,0.0565,0.0498,1081,-7,-0.1051,True,B,0.1116
rank_velocity_7d,1-10,11-25,BTC_UP,1127,7,-0.0343,0.2139,1074,-7,-0.1051,False,B,0.3434
rank_velocity_7d,1-10,11-25,BTC_DOWN,962,-7,0.0463,0.1841,924,-7,-0.1051,False,B,0.3045
rank_velocity_7d,1-10,11-25,BTC_DOWN,962,-3,0.0202,0.2587,927,-7,-0.1051,False,B,0.4034
rank_velocity_7d,1-10,11-25,BTC_DOWN,962,-1,0.0727,0.0597,931,-7,-0.1051,False,B,0.1285
rank_velocity_7d,1-10,11-25,BTC_DOWN,962,1,0.0987,0.0398,931,-7,-0.1051,True,B,0.0933
rank_velocity_7d,1-10,11-25,BTC_DOWN,962,3,0.0989,0.0199,927,-7,-0.1051,True,B,0.0566
rank_velocity_7d,1-10,11-25,BTC_DOWN,962,7,-0.0066,0.8109,924,-7,-0.1051,False,B,0.8686
rank_velocity_7d,1-10,11-25,VOL_HIGH,656,-7,-0.0288,0.4279,618,-7,-0.1051,False,B,0.5716
rank_velocity_7d,1-10,11-25,VOL_HIGH,656,-3,0.0715,0.1393,621,-7,-0.1051,False,B,0.2491
rank_velocity_7d,1-10,11-25,VOL_HIGH,656,-1,0.1262,0.0448,624,-7,-0.1051,True,B,0.1023
rank_velocity_7d,1-10,11-25,VOL_HIGH,656,1,0.1254,0.0249,624,-7,-0.1051,True,B,0.0658
rank_velocity_7d,1-10,11-25,VOL_HIGH,656,3,0.1267,0.0199,621,-7,-0.1051,True,B,0.0566
rank_velocity_7d,1-10,11-25,VOL_HIGH,656,7,0.0101,0.6269,618,-7,-0.1051,False,B,0.7324
rank_velocity_7d,1-10,11-25,BREADTH_EXPANDING,715,-7,0.0015,0.9851,682,-7,-0.1051,False,B,0.9921
rank_velocity_7d,1-10,11-25,BREADTH_EXPANDING,715,-3,0.0528,0.1841,685,-7,-0.1051,False,B,0.3045
rank_velocity_7d,1-10,11-25,BREADTH_EXPANDING,715,-1,0.0429,0.1443,687,-7,-0.1051,False,B,0.2548
rank_velocity_7d,1-10,11-25,BREADTH_EXPANDING,715,1,-0.0335,0.1841,687,-7,-0.1051,False,B,0.3045
rank_velocity_7d,1-10,11-25,BREADTH_EXPANDING,715,3,0.0184,0.3632,685,-7,-0.1051,False,B,0.5122
rank_velocity_7d,1-10,11-25,BREADTH_EXPANDING,715,7,0.036,0.1692,682,-7,-0.1051,False,B,0.2859
rank_velocity_7d,1-10,11-25,BREADTH_CONTRACTING,1481,-7,-0.1657,0.01,1406,-7,-0.1051,False,B,0.0356
rank_velocity_7d,1-10,11-25,BREADTH_CONTRACTING,1481,-3,0.0096,0.4975,1416,-7,-0.1051,False,B,0.6393
rank_velocity_7d,1-10,11-25,BREADTH_CONTRACTING,1481,-1,0.0384,0.1443,1421,-7,-0.1051,False,B,0.2548
rank_velocity_7d,1-10,11-25,BREADTH_CONTRACTING,1481,1,0.0288,0.1692,1421,-7,-0.1051,False,B,0.2859
rank_velocity_7d,1-10,11-25,BREADTH_CONTRACTING,1481,3,0.0863,0.01,1416,-7,-0.1051,True,B,0.0356
rank_velocity_7d,1-10,11-25,BREADTH_CONTRACTING,1481,7,-0.0976,0.0149,1406,-7,-0.1051,True,B,0.0461
rank_velocity_7d,1-10,11-25,SC_INFLOW,1550,-7,-0.1132,0.005,1468,-7,-0.1051,False,B,0.0241
rank_velocity_7d,1-10,11-25,SC_INFLOW,1550,-3,0.0211,0.194,1479,-7,-0.1051,False,B,0.3172
rank_velocity_7d,1-10,11-25,SC_INFLOW,1550,-1,0.0419,0.0896,1484,-7,-0.1051,False,B,0.1748
rank_velocity_7d,1-10,11-25,SC_INFLOW,1550,1,0.0426,0.1144,1484,-7,-0.1051,False,B,0.212
rank_velocity_7d,1-10,11-25,SC_INFLOW,1550,3,0.036,0.1045,1479,-7,-0.1051,False,B,0.1973
rank_velocity_7d,1-10,11-25,SC_INFLOW,1550,7,-0.0818,0.0299,1468,-7,-0.1051,True,B,0.0759
rank_velocity_7d,1-10,11-25,CONC_RISING,1112,-7,0.0002,0.99,1053,-7,-0.1051,False,B,0.9942
rank_velocity_7d,1-10,11-25,CONC_RISING,1112,-3,0.0001,0.7114,1061,-7,-0.1051,False,B,0.8007
rank_velocity_7d,1-10,11-25,CONC_RISING,1112,-1,0.0119,0.209,1068,-7,-0.1051,False,B,0.3371
rank_velocity_7d,1-10,11-25,CONC_RISING,1112,1,-0.0117,0.2985,1068,-7,-0.1051,False,B,0.4487
rank_velocity_7d,1-10,11-25,CONC_RISING,1112,3,0.07,0.0896,1061,-7,-0.1051,False,B,0.1748
rank_velocity_7d,1-10,11-25,CONC_RISING,1112,7,-0.0135,0.3383,1053,-7,-0.1051,False,B,0.4898
rank_velocity_7d,1-10,11-25,CONC_FALLING,1077,-7,-0.0016,0.8159,1036,-7,-0.1051,False,B,0.8713
rank_velocity_7d,1-10,11-25,CONC_FALLING,1077,-3,0.0088,0.4776,1039,-7,-0.1051,False,B,0.625
rank_velocity_7d,1-10,11-25,CONC_FALLING,1077,-1,-0.1461,0.005,1040,-7,-0.1051,True,B,0.0241
rank_velocity_7d,1-10,11-25,CONC_FALLING,1077,1,-0.0308,0.2488,1040,-7,-0.1051,False,B,0.3914
rank_velocity_7d,1-10,11-25,CONC_FALLING,1077,3,-0.02,0.2985,1039,-7,-0.1051,False,B,0.4487
rank_velocity_7d,1-10,11-25,CONC_FALLING,1077,7,0.017,0.2985,1036,-7,-0.1051,False,B,0.4487
rank_velocity_7d,11-25,26-50,BTC_UP,1127,-7,-0.0604,0.0746,1074,1,0.1063,False,B,0.1535
rank_velocity_7d,11-25,26-50,BTC_UP,1127,-3,0.0473,0.1393,1081,1,0.1063,False,B,0.2491
rank_velocity_7d,11-25,26-50,BTC_UP,1127,-1,0.1259,0.01,1083,1,0.1063,False,B,0.0356
rank_velocity_7d,11-25,26-50,BTC_UP,1127,1,0.0762,0.0448,1083,1,0.1063,False,B,0.1023
rank_velocity_7d,11-25,26-50,BTC_UP,1127,3,0.0673,0.0846,1081,1,0.1063,False,B,0.1687
rank_velocity_7d,11-25,26-50,BTC_UP,1127,7,-0.0283,0.3632,1074,1,0.1063,False,B,0.5122
rank_velocity_7d,11-25,26-50,BTC_DOWN,962,-7,0.1272,0.0199,924,1,0.1063,True,B,0.0566
rank_velocity_7d,11-25,26-50,BTC_DOWN,962,-3,0.1535,0.0199,927,1,0.1063,True,B,0.0566
rank_velocity_7d,11-25,26-50,BTC_DOWN,962,-1,0.1977,0.005,931,1,0.1063,False,B,0.0241
rank_velocity_7d,11-25,26-50,BTC_DOWN,962,1,0.2301,0.005,931,1,0.1063,False,B,0.0241
rank_velocity_7d,11-25,26-50,BTC_DOWN,962,3,0.2129,0.005,927,1,0.1063,False,B,0.0241
rank_velocity_7d,11-25,26-50,BTC_DOWN,962,7,0.1091,0.0796,924,1,0.1063,False,B,0.1601
rank_velocity_7d,11-25,26-50,VOL_HIGH,656,-7,0.0607,0.2388,618,1,0.1063,False,B,0.3808
rank_velocity_7d,11-25,26-50,VOL_HIGH,656,-3,0.1661,0.01,621,1,0.1063,True,B,0.0356
rank_velocity_7d,11-25,26-50,VOL_HIGH,656,-1,0.2029,0.005,624,1,0.1063,False,B,0.0241
rank_velocity_7d,11-25,26-50,VOL_HIGH,656,1,0.2045,0.005,624,1,0.1063,False,B,0.0241
rank_velocity_7d,11-25,26-50,VOL_HIGH,656,3,0.1237,0.0249,621,1,0.1063,False,B,0.0658
rank_velocity_7d,11-25,26-50,VOL_HIGH,656,7,-0.0082,0.9154,618,1,0.1063,False,B,0.9434
rank_velocity_7d,11-25,26-50,VOL_LOW,864,-7,0.0621,0.0896,838,1,0.1063,False,B,0.1748
rank_velocity_7d,11-25,26-50,VOL_LOW,864,-3,0.1855,0.005,842,1,0.1063,True,B,0.0241
rank_velocity_7d,11-25,26-50,VOL_LOW,864,-1,0.2296,0.005,843,1,0.1063,False,B,0.0241
rank_velocity_7d,11-25,26-50,VOL_LOW,864,1,0.2289,0.005,843,1,0.1063,False,B,0.0241
rank_velocity_7d,11-25,26-50,VOL_LOW,864,3,0.1767,0.0149,842,1,0.1063,False,B,0.0461
rank_velocity_7d,11-25,26-50,VOL_LOW,864,7,0.0355,0.4229,838,1,0.1063,False,B,0.5714
rank_velocity_7d,11-25,26-50,BREADTH_EXPANDING,715,-7,-0.0015,0.9701,682,1,0.1063,False,B,0.9812
rank_velocity_7d,11-25,26-50,BREADTH_EXPANDING,715,-3,0.0675,0.1642,685,1,0.1063,False,B,0.2815
rank_velocity_7d,11-25,26-50,BREADTH_EXPANDING,715,-1,0.1552,0.01,687,1,0.1063,False,B,0.0356
rank_velocity_7d,11-25,26-50,BREADTH_EXPANDING,715,1,0.0962,0.0348,687,1,0.1063,False,B,0.0858
rank_velocity_7d,11-25,26-50,BREADTH_EXPANDING,715,3,0.0924,0.0746,685,1,0.1063,False,B,0.1535
rank_velocity_7d,11-25,26-50,BREADTH_EXPANDING,715,7,-0.0369,0.3781,682,1,0.1063,False,B,0.527
rank_velocity_7d,11-25,26-50,BREADTH_CONTRACTING,1481,-7,-0.1455,0.005,1406,1,0.1063,True,B,0.0241
rank_velocity_7d,11-25,26-50,BREADTH_CONTRACTING,1481,-3,0.0511,0.0597,1416,1,0.1063,False,B,0.1285
rank_velocity_7d,11-25,26-50,BREADTH_CONTRACTING,1481,-1,0.0565,0.0299,1421,1,0.1063,False,B,0.0759
rank_velocity_7d,11-25,26-50,BREADTH_CONTRACTING,1481,1,0.0958,0.01,1421,1,0.1063,False,B,0.0356
rank_velocity_7d,11-25,26-50,BREADTH_CONTRACTING,1481,3,0.0859,0.0199,1416,1,0.1063,False,B,0.0566
rank_velocity_7d,11-25,26-50,BREADTH_CONTRACTING,1481,7,-0.2093,0.01,1406,1,0.1063,True,B,0.0356
rank_velocity_7d,11-25,26-50,SC_INFLOW,1550,-7,-0.1212,0.005,1468,1,0.1063,True,B,0.0241
rank_velocity_7d,11-25,26-50,SC_INFLOW,1550,-3,0.0429,0.1294,1479,1,0.1063,False,B,0.2337
rank_velocity_7d,11-25,26-50,SC_INFLOW,1550,-1,0.0861,0.0149,1484,1,0.1063,False,B,0.0461
rank_velocity_7d,11-25,26-50,SC_INFLOW,1550,1,0.0929,0.01,1484,1,0.1063,False,B,0.0356
rank_velocity_7d,11-25,26-50,SC_INFLOW,1550,3,0.0671,0.005,1479,1,0.1063,False,B,0.0241
rank_velocity_7d,11-25,26-50,SC_INFLOW,1550,7,-0.1297,0.01,1468,1,0.1063,True,B,0.0356
rank_velocity_7d,11-25,26-50,SC_OUTFLOW,646,-7,0.0835,0.1443,620,1,0.1063,False,B,0.2548
rank_velocity_7d,11-25,26-50,SC_OUTFLOW,646,-3,0.104,0.0647,623,1,0.1063,False,B,0.1367
rank_velocity_7d,11-25,26-50,SC_OUTFLOW,646,-1,0.1205,0.0348,625,1,0.1063,False,B,0.0858
rank_velocity_7d,11-25,26-50,SC_OUTFLOW,646,1,0.1344,0.0448,625,1,0.1063,False,B,0.1023
rank_velocity_7d,11-25,26-50,SC_OUTFLOW,646,3,0.1225,0.0498,623,1,0.1063,False,B,0.1116
rank_velocity_7d,11-25,26-50,SC_OUTFLOW,646,7,0.0547,0.3085,620,1,0.1063,False,B,0.4589
rank_velocity_7d,11-25,26-50,CONC_RISING,1112,-7,0.0267,0.3731,1053,1,0.1063,False,B,0.522
rank_velocity_7d,11-25,26-50,CONC_RISING,1112,-3,0.0697,0.0398,1061,1,0.1063,True,B,0.0933
rank_velocity_7d,11-25,26-50,CONC_RISING,1112,-1,0.1188,0.01,1068,1,0.1063,False,B,0.0356
rank_velocity_7d,11-25,26-50,CONC_RISING,1112,1,0.0717,0.0249,1068,1,0.1063,False,B,0.0658
rank_velocity_7d,11-25,26-50,CONC_RISING,1112,3,0.1151,0.0149,1061,1,0.1063,False,B,0.0461
rank_velocity_7d,11-25,26-50,CONC_RISING,1112,7,0.0752,0.0398,1053,1,0.1063,True,B,0.0933
rank_velocity_7d,11-25,26-50,CONC_FALLING,1077,-7,0.0519,0.1095,1036,1,0.1063,False,B,0.2046
rank_velocity_7d,11-25,26-50,CONC_FALLING,1077,-3,0.05,0.1642,1039,1,0.1063,False,B,0.2815
rank_velocity_7d,11-25,26-50,CONC_FALLING,1077,-1,0.003,0.9303,1040,1,0.1063,False,B,0.956
rank_velocity_7d,11-25,26-50,CONC_FALLING,1077,1,0.0156,0.607,1040,1,0.1063,False,B,0.7151
rank_velocity_7d,11-25,26-50,CONC_FALLING,1077,3,0.072,0.0398,1039,1,0.1063,False,B,0.0933
rank_velocity_7d,11-25,26-50,CONC_FALLING,1077,7,0.0081,0.8159,1036,1,0.1063,False,B,0.8713
rank_velocity_7d,26-50,51-100,BTC_UP,1127,-7,0.0965,0.0597,1074,-1,0.1691,False,B,0.1285
rank_velocity_7d,26-50,51-100,BTC_UP,1127,-3,0.2564,0.005,1081,-1,0.1691,False,B,0.0241
rank_velocity_7d,26-50,51-100,BTC_UP,1127,-1,0.3325,0.005,1083,-1,0.1691,False,B,0.0241
rank_velocity_7d,26-50,51-100,BTC_UP,1127,1,0.2983,0.005,1083,-1,0.1691,False,B,0.0241
rank_velocity_7d,26-50,51-100,BTC_UP,1127,3,0.1442,0.0249,1081,-1,0.1691,True,B,0.0658
rank_velocity_7d,26-50,51-100,BTC_UP,1127,7,-0.0142,0.7413,1074,-1,0.1691,False,B,0.8291
rank_velocity_7d,26-50,51-100,BTC_DOWN,962,-7,0.0112,0.8358,924,-1,0.1691,False,B,0.8858
rank_velocity_7d,26-50,51-100,BTC_DOWN,962,-3,0.2478,0.005,927,-1,0.1691,False,B,0.0241
rank_velocity_7d,26-50,51-100,BTC_DOWN,962,-1,0.345,0.005,931,-1,0.1691,False,B,0.0241
rank_velocity_7d,26-50,51-100,BTC_DOWN,962,1,0.3472,0.005,931,-1,0.1691,False,B,0.0241
rank_velocity_7d,26-50,51-100,BTC_DOWN,962,3,0.1957,0.01,927,-1,0.1691,True,B,0.0356
rank_velocity_7d,26-50,51-100,BTC_DOWN,962,7,0.0179,0.7463,924,-1,0.1691,False,B,0.8308
rank_velocity_7d,26-50,51-100,VOL_HIGH,656,-7,0.1126,0.1194,618,-1,0.1691,False,B,0.2201
rank_velocity_7d,26-50,51-100,VOL_HIGH,656,-3,0.4015,0.005,621,-1,0.1691,False,B,0.0241
rank_velocity_7d,26-50,51-100,VOL_HIGH,656,-1,0.483,0.005,624,-1,0.1691,False,B,0.0241
rank_velocity_7d,26-50,51-100,VOL_HIGH,656,1,0.4241,0.01,624,-1,0.1691,False,B,0.0356
rank_velocity_7d,26-50,51-100,VOL_HIGH,656,3,0.2631,0.0249,621,-1,0.1691,True,B,0.0658
rank_velocity_7d,26-50,51-100,VOL_HIGH,656,7,0.0589,0.5075,618,-1,0.1691,False,B,0.6451
rank_velocity_7d,26-50,51-100,VOL_LOW,864,-7,0.0062,0.9055,838,-1,0.1691,False,B,0.94
rank_velocity_7d,26-50,51-100,VOL_LOW,864,-3,0.1845,0.005,842,-1,0.1691,False,B,0.0241
rank_velocity_7d,26-50,51-100,VOL_LOW,864,-1,0.3217,0.005,843,-1,0.1691,False,B,0.0241
rank_velocity_7d,26-50,51-100,VOL_LOW,864,1,0.3392,0.005,843,-1,0.1691,False,B,0.0241
rank_velocity_7d,26-50,51-100,VOL_LOW,864,3,0.2354,0.01,842,-1,0.1691,True,B,0.0356
rank_velocity_7d,26-50,51-100,VOL_LOW,864,7,0.059,0.3532,838,-1,0.1691,False,B,0.5042
rank_velocity_7d,26-50,51-100,BREADTH_EXPANDING,715,-7,0.0166,0.7711,682,-1,0.1691,False,B,0.8544
rank_velocity_7d,26-50,51-100,BREADTH_EXPANDING,715,-3,0.2545,0.005,685,-1,0.1691,False,B,0.0241
rank_velocity_7d,26-50,51-100,BREADTH_EXPANDING,715,-1,0.3516,0.005,687,-1,0.1691,False,B,0.0241
rank_velocity_7d,26-50,51-100,BREADTH_EXPANDING,715,1,0.2843,0.01,687,-1,0.1691,False,B,0.0356
rank_velocity_7d,26-50,51-100,BREADTH_EXPANDING,715,3,0.1729,0.005,685,-1,0.1691,True,B,0.0241
rank_velocity_7d,26-50,51-100,BREADTH_EXPANDING,715,7,0.0279,0.597,682,-1,0.1691,False,B,0.7092
rank_velocity_7d,26-50,51-100,BREADTH_CONTRACTING,1481,-7,-0.3167,0.005,1406,-1,0.1691,True,B,0.0241
rank_velocity_7d,26-50,51-100,BREADTH_CONTRACTING,1481,-3,0.1045,0.005,1416,-1,0.1691,False,B,0.0241
rank_velocity_7d,26-50,51-100,BREADTH_CONTRACTING,1481,-1,0.1011,0.01,1421,-1,0.1691,False,B,0.0356
rank_velocity_7d,26-50,51-100,BREADTH_CONTRACTING,1481,1,0.0721,0.0149,1421,-1,0.1691,False,B,0.0461
rank_velocity_7d,26-50,51-100,BREADTH_CONTRACTING,1481,3,0.051,0.0547,1416,-1,0.1691,False,B,0.1199
rank_velocity_7d,26-50,51-100,BREADTH_CONTRACTING,1481,7,-0.3655,0.005,1406,-1,0.1691,True,B,0.0241
rank_velocity_7d,26-50,51-100,SC_INFLOW,1550,-7,-0.1633,0.005,1468,-1,0.1691,True,B,0.0241
rank_velocity_7d,26-50,51-100,SC_INFLOW,1550,-3,0.1432,0.01,1479,-1,0.1691,False,B,0.0356
rank_velocity_7d,26-50,51-100,SC_INFLOW,1550,-1,0.1567,0.005,1484,-1,0.1691,False,B,0.0241
rank_velocity_7d,26-50,51-100,SC_INFLOW,1550,1,0.117,0.01,1484,-1,0.1691,False,B,0.0356
rank_velocity_7d,26-50,51-100,SC_INFLOW,1550,3,0.0771,0.0299,1479,-1,0.1691,True,B,0.0759
rank_velocity_7d,26-50,51-100,SC_INFLOW,1550,7,-0.1676,0.005,1468,-1,0.1691,True,B,0.0241
rank_velocity_7d,26-50,51-100,SC_OUTFLOW,646,-7,-0.0007,0.9652,620,-1,0.1691,False,B,0.9804
rank_velocity_7d,26-50,51-100,SC_OUTFLOW,646,-3,0.0978,0.1095,623,-1,0.1691,False,B,0.2046
rank_velocity_7d,26-50,51-100,SC_OUTFLOW,646,-1,0.203,0.005,625,-1,0.1691,False,B,0.0241
rank_velocity_7d,26-50,51-100,SC_OUTFLOW,646,1,0.2423,0.005,625,-1,0.1691,False,B,0.0241
rank_velocity_7d,26-50,51-100,SC_OUTFLOW,646,3,0.1841,0.0149,623,-1,0.1691,True,B,0.0461
rank_velocity_7d,26-50,51-100,SC_OUTFLOW,646,7,0.0355,0.5821,620,-1,0.1691,False,B,0.6962
rank_velocity_7d,26-50,51-100,CONC_RISING,1112,-7,0.0845,0.01,1053,-1,0.1691,True,B,0.0356
rank_velocity_7d,26-50,51-100,CONC_RISING,1112,-3,0.1099,0.01,1061,-1,0.1691,False,B,0.0356
rank_velocity_7d,26-50,51-100,CONC_RISING,1112,-1,0.1414,0.005,1068,-1,0.1691,False,B,0.0241
rank_velocity_7d,26-50,51-100,CONC_RISING,1112,1,0.1043,0.0199,1068,-1,0.1691,False,B,0.0566
rank_velocity_7d,26-50,51-100,CONC_RISING,1112,3,0.09,0.0398,1061,-1,0.1691,True,B,0.0933
rank_velocity_7d,26-50,51-100,CONC_RISING,1112,7,0.0837,0.0498,1053,-1,0.1691,True,B,0.1116
rank_velocity_7d,26-50,51-100,CONC_FALLING,1077,-7,0.1663,0.005,1036,-1,0.1691,True,B,0.0241
rank_velocity_7d,26-50,51-100,CONC_FALLING,1077,-3,0.199,0.005,1039,-1,0.1691,False,B,0.0241
rank_velocity_7d,26-50,51-100,CONC_FALLING,1077,-1,0.1676,0.0249,1040,-1,0.1691,False,B,0.0658
rank_velocity_7d,26-50,51-100,CONC_FALLING,1077,1,0.1552,0.0149,1040,-1,0.1691,False,B,0.0461
rank_velocity_7d,26-50,51-100,CONC_FALLING,1077,3,0.1172,0.005,1039,-1,0.1691,True,B,0.0241
rank_velocity_7d,26-50,51-100,CONC_FALLING,1077,7,0.09,0.0547,1036,-1,0.1691,False,B,0.1199
rank_velocity_7d,51-100,101-200,BTC_UP,1127,-7,0.0706,0.204,1074,-7,-0.3044,False,B,0.3305
rank_velocity_7d,51-100,101-200,BTC_UP,1127,-3,0.3034,0.005,1081,-7,-0.3044,True,B,0.0241
rank_velocity_7d,51-100,101-200,BTC_UP,1127,-1,0.4319,0.005,1083,-7,-0.3044,True,B,0.0241
rank_velocity_7d,51-100,101-200,BTC_UP,1127,1,0.4227,0.005,1083,-7,-0.3044,True,B,0.0241
rank_velocity_7d,51-100,101-200,BTC_UP,1127,3,0.2531,0.005,1081,-7,-0.3044,True,B,0.0241
rank_velocity_7d,51-100,101-200,BTC_UP,1127,7,0.091,0.1294,1074,-7,-0.3044,False,B,0.2337
rank_velocity_7d,51-100,101-200,BTC_DOWN,962,-7,-0.0247,0.5622,924,-7,-0.3044,False,B,0.6839
rank_velocity_7d,51-100,101-200,BTC_DOWN,962,-3,0.4323,0.005,927,-7,-0.3044,True,B,0.0241
rank_velocity_7d,51-100,101-200,BTC_DOWN,962,-1,0.6395,0.005,931,-7,-0.3044,True,B,0.0241
rank_velocity_7d,51-100,101-200,BTC_DOWN,962,1,0.6267,0.01,931,-7,-0.3044,True,B,0.0356
rank_velocity_7d,51-100,101-200,BTC_DOWN,962,3,0.3794,0.0199,927,-7,-0.3044,True,B,0.0566
rank_velocity_7d,51-100,101-200,BTC_DOWN,962,7,-0.0447,0.2786,924,-7,-0.3044,False,B,0.4242
rank_velocity_7d,51-100,101-200,VOL_HIGH,656,-7,0.0205,0.7612,618,-7,-0.3044,False,B,0.8447
rank_velocity_7d,51-100,101-200,VOL_HIGH,656,-3,0.4834,0.005,621,-7,-0.3044,True,B,0.0241
rank_velocity_7d,51-100,101-200,VOL_HIGH,656,-1,0.6741,0.005,624,-7,-0.3044,True,B,0.0241
rank_velocity_7d,51-100,101-200,VOL_HIGH,656,1,0.6731,0.005,624,-7,-0.3044,True,B,0.0241
rank_velocity_7d,51-100,101-200,VOL_HIGH,656,3,0.4682,0.0149,621,-7,-0.3044,True,B,0.0461
rank_velocity_7d,51-100,101-200,VOL_HIGH,656,7,0.0989,0.1294,618,-7,-0.3044,False,B,0.2337
rank_velocity_7d,51-100,101-200,VOL_LOW,864,-7,-0.0011,0.995,838,-7,-0.3044,False,B,0.9964
rank_velocity_7d,51-100,101-200,VOL_LOW,864,-3,0.3198,0.005,842,-7,-0.3044,True,B,0.0241
rank_velocity_7d,51-100,101-200,VOL_LOW,864,-1,0.4793,0.005,843,-7,-0.3044,True,B,0.0241
rank_velocity_7d,51-100,101-200,VOL_LOW,864,1,0.4729,0.005,843,-7,-0.3044,True,B,0.0241
rank_velocity_7d,51-100,101-200,VOL_LOW,864,3,0.322,0.005,842,-7,-0.3044,True,B,0.0241
rank_velocity_7d,51-100,101-200,VOL_LOW,864,7,0.0945,0.1443,838,-7,-0.3044,False,B,0.2548
rank_velocity_7d,51-100,101-200,BREADTH_EXPANDING,715,-7,0.0471,0.4975,682,-7,-0.3044,False,B,0.6393
rank_velocity_7d,51-100,101-200,BREADTH_EXPANDING,715,-3,0.3761,0.005,685,-7,-0.3044,True,B,0.0241
rank_velocity_7d,51-100,101-200,BREADTH_EXPANDING,715,-1,0.4761,0.005,687,-7,-0.3044,True,B,0.0241
rank_velocity_7d,51-100,101-200,BREADTH_EXPANDING,715,1,0.4852,0.01,687,-7,-0.3044,True,B,0.0356
rank_velocity_7d,51-100,101-200,BREADTH_EXPANDING,715,3,0.2907,0.005,685,-7,-0.3044,True,B,0.0241
rank_velocity_7d,51-100,101-200,BREADTH_EXPANDING,715,7,0.0931,0.1493,682,-7,-0.3044,False,B,0.2616
rank_velocity_7d,51-100,101-200,BREADTH_CONTRACTING,1481,-7,-0.5359,0.005,1406,-7,-0.3044,False,B,0.0241
rank_velocity_7d,51-100,101-200,BREADTH_CONTRACTING,1481,-3,0.074,0.005,1416,-7,-0.3044,True,B,0.0241
rank_velocity_7d,51-100,101-200,BREADTH_CONTRACTING,1481,-1,0.0635,0.0149,1421,-7,-0.3044,True,B,0.0461
rank_velocity_7d,51-100,101-200,BREADTH_CONTRACTING,1481,1,0.0921,0.0149,1421,-7,-0.3044,True,B,0.0461
rank_velocity_7d,51-100,101-200,BREADTH_CONTRACTING,1481,3,0.0714,0.0249,1416,-7,-0.3044,True,B,0.0658
rank_velocity_7d,51-100,101-200,BREADTH_CONTRACTING,1481,7,-0.4157,0.01,1406,-7,-0.3044,True,B,0.0356
rank_velocity_7d,51-100,101-200,SC_INFLOW,1550,-7,-0.3206,0.005,1468,-7,-0.3044,False,B,0.0241
rank_velocity_7d,51-100,101-200,SC_INFLOW,1550,-3,0.1032,0.0149,1479,-7,-0.3044,True,B,0.0461
rank_velocity_7d,51-100,101-200,SC_INFLOW,1550,-1,0.0925,0.005,1484,-7,-0.3044,True,B,0.0241
rank_velocity_7d,51-100,101-200,SC_INFLOW,1550,1,0.1215,0.0149,1484,-7,-0.3044,True,B,0.0461
rank_velocity_7d,51-100,101-200,SC_INFLOW,1550,3,0.0932,0.0149,1479,-7,-0.3044,True,B,0.0461
rank_velocity_7d,51-100,101-200,SC_INFLOW,1550,7,-0.0864,0.0149,1468,-7,-0.3044,True,B,0.0461
rank_velocity_7d,51-100,101-200,SC_OUTFLOW,646,-7,-0.0342,0.7065,620,-7,-0.3044,False,B,0.7978
rank_velocity_7d,51-100,101-200,SC_OUTFLOW,646,-3,0.2969,0.005,623,-7,-0.3044,True,B,0.0241
rank_velocity_7d,51-100,101-200,SC_OUTFLOW,646,-1,0.4631,0.005,625,-7,-0.3044,True,B,0.0241
rank_velocity_7d,51-100,101-200,SC_OUTFLOW,646,1,0.397,0.005,625,-7,-0.3044,True,B,0.0241
rank_velocity_7d,51-100,101-200,SC_OUTFLOW,646,3,0.2508,0.0149,623,-7,-0.3044,True,B,0.0461
rank_velocity_7d,51-100,101-200,SC_OUTFLOW,646,7,0.0339,0.7463,620,-7,-0.3044,False,B,0.8308
rank_velocity_7d,51-100,101-200,CONC_RISING,1112,-7,0.0426,0.1592,1053,-7,-0.3044,False,B,0.2756
rank_velocity_7d,51-100,101-200,CONC_RISING,1112,-3,0.0243,0.3731,1061,-7,-0.3044,False,B,0.522
rank_velocity_7d,51-100,101-200,CONC_RISING,1112,-1,0.0196,0.1791,1068,-7,-0.3044,False,B,0.2998
rank_velocity_7d,51-100,101-200,CONC_RISING,1112,1,0.1048,0.005,1068,-7,-0.3044,True,B,0.0241
rank_velocity_7d,51-100,101-200,CONC_RISING,1112,3,0.1443,0.0149,1061,-7,-0.3044,True,B,0.0461
rank_velocity_7d,51-100,101-200,CONC_RISING,1112,7,0.0518,0.1393,1053,-7,-0.3044,False,B,0.2491
rank_velocity_7d,51-100,101-200,CONC_FALLING,1077,-7,0.1142,0.0199,1036,-7,-0.3044,True,B,0.0566
rank_velocity_7d,51-100,101-200,CONC_FALLING,1077,-3,0.3434,0.005,1039,-7,-0.3044,True,B,0.0241
rank_velocity_7d,51-100,101-200,CONC_FALLING,1077,-1,0.3943,0.005,1040,-7,-0.3044,True,B,0.0241
rank_velocity_7d,51-100,101-200,CONC_FALLING,1077,1,0.3934,0.01,1040,-7,-0.3044,True,B,0.0356
rank_velocity_7d,51-100,101-200,CONC_FALLING,1077,3,0.3566,0.0149,1039,-7,-0.3044,True,B,0.0461
rank_velocity_7d,51-100,101-200,CONC_FALLING,1077,7,0.1123,0.0398,1036,-7,-0.3044,True,B,0.0933
rank_velocity_7d,101-200,201-300,BTC_UP,1127,-7,0.0385,0.209,1074,7,-0.0727,False,B,0.3371
rank_velocity_7d,101-200,201-300,BTC_UP,1127,-3,0.0022,0.9552,1081,7,-0.0727,False,B,0.9745
rank_velocity_7d,101-200,201-300,BTC_UP,1127,-1,0.0381,0.3035,1083,7,-0.0727,False,B,0.4533
rank_velocity_7d,101-200,201-300,BTC_UP,1127,1,0.0507,0.1095,1083,7,-0.0727,False,B,0.2046
rank_velocity_7d,101-200,201-300,BTC_UP,1127,3,0.0898,0.005,1081,7,-0.0727,True,B,0.0241
rank_velocity_7d,101-200,201-300,BTC_UP,1127,7,0.0211,0.5124,1074,7,-0.0727,False,B,0.6478
rank_velocity_7d,101-200,201-300,BTC_DOWN,962,-7,0.0807,0.0547,924,7,-0.0727,False,B,0.1199
rank_velocity_7d,101-200,201-300,BTC_DOWN,962,-3,-0.1509,0.0199,927,7,-0.0727,True,B,0.0566
rank_velocity_7d,101-200,201-300,BTC_DOWN,962,-1,-0.2842,0.005,931,7,-0.0727,True,B,0.0241
rank_velocity_7d,101-200,201-300,BTC_DOWN,962,1,-0.306,0.005,931,7,-0.0727,True,B,0.0241
rank_velocity_7d,101-200,201-300,BTC_DOWN,962,3,-0.2051,0.0199,927,7,-0.0727,True,B,0.0566
rank_velocity_7d,101-200,201-300,BTC_DOWN,962,7,-0.0025,0.9154,924,7,-0.0727,False,B,0.9434
rank_velocity_7d,101-200,201-300,VOL_HIGH,656,-7,0.0081,0.8856,618,7,-0.0727,False,B,0.9248
rank_velocity_7d,101-200,201-300,VOL_HIGH,656,-3,-0.1812,0.005,621,7,-0.0727,True,B,0.0241
rank_velocity_7d,101-200,201-300,VOL_HIGH,656,-1,-0.2878,0.005,624,7,-0.0727,True,B,0.0241
rank_velocity_7d,101-200,201-300,VOL_HIGH,656,1,-0.312,0.005,624,7,-0.0727,True,B,0.0241
rank_velocity_7d,101-200,201-300,VOL_HIGH,656,3,-0.23,0.0149,621,7,-0.0727,True,B,0.0461
rank_velocity_7d,101-200,201-300,VOL_HIGH,656,7,-0.0328,0.5672,618,7,-0.0727,False,B,0.6865
rank_velocity_7d,101-200,201-300,VOL_LOW,864,-7,-0.0241,0.5373,838,7,-0.0727,False,B,0.6627
rank_velocity_7d,101-200,201-300,VOL_LOW,864,-3,-0.0278,0.4279,842,7,-0.0727,False,B,0.5716
rank_velocity_7d,101-200,201-300,VOL_LOW,864,-1,-0.004,0.9104,843,7,-0.0727,False,B,0.9423
rank_velocity_7d,101-200,201-300,VOL_LOW,864,1,0.0051,0.8607,843,7,-0.0727,False,B,0.9055
rank_velocity_7d,101-200,201-300,VOL_LOW,864,3,0.0332,0.3831,842,7,-0.0727,False,B,0.5318
rank_velocity_7d,101-200,201-300,VOL_LOW,864,7,0.0371,0.3781,838,7,-0.0727,False,B,0.527
rank_velocity_7d,101-200,201-300,BREADTH_EXPANDING,715,-7,0.0474,0.2637,682,7,-0.0727,False,B,0.4094
rank_velocity_7d,101-200,201-300,BREADTH_EXPANDING,715,-3,0.0298,0.5522,685,7,-0.0727,False,B,0.6776
rank_velocity_7d,101-200,201-300,BREADTH_EXPANDING,715,-1,0.0569,0.2786,687,7,-0.0727,False,B,0.4242
rank_velocity_7d,101-200,201-300,BREADTH_EXPANDING,715,1,0.0584,0.2438,687,7,-0.0727,False,B,0.387
rank_velocity_7d,101-200,201-300,BREADTH_EXPANDING,715,3,0.0894,0.0697,685,7,-0.0727,False,B,0.1456
rank_velocity_7d,101-200,201-300,BREADTH_EXPANDING,715,7,0.041,0.3682,682,7,-0.0727,False,B,0.5183
rank_velocity_7d,101-200,201-300,BREADTH_CONTRACTING,1481,-7,-0.1365,0.01,1406,7,-0.0727,True,B,0.0356
rank_velocity_7d,101-200,201-300,BREADTH_CONTRACTING,1481,-3,-0.0456,0.0796,1416,7,-0.0727,False,B,0.1601
rank_velocity_7d,101-200,201-300,BREADTH_CONTRACTING,1481,-1,-0.072,0.0398,1421,7,-0.0727,True,B,0.0933
rank_velocity_7d,101-200,201-300,BREADTH_CONTRACTING,1481,1,-0.0735,0.0547,1421,7,-0.0727,False,B,0.1199
rank_velocity_7d,101-200,201-300,BREADTH_CONTRACTING,1481,3,-0.0455,0.1144,1416,7,-0.0727,False,B,0.212
rank_velocity_7d,101-200,201-300,BREADTH_CONTRACTING,1481,7,-0.1008,0.0249,1406,7,-0.0727,False,B,0.0658
rank_velocity_7d,101-200,201-300,SC_INFLOW,1550,-7,-0.0511,0.0896,1468,7,-0.0727,False,B,0.1748
rank_velocity_7d,101-200,201-300,SC_INFLOW,1550,-3,-0.0394,0.1194,1479,7,-0.0727,False,B,0.2201
rank_velocity_7d,101-200,201-300,SC_INFLOW,1550,-1,-0.0546,0.0995,1484,7,-0.0727,False,B,0.1909
rank_velocity_7d,101-200,201-300,SC_INFLOW,1550,1,-0.0567,0.0846,1484,7,-0.0727,False,B,0.1687
rank_velocity_7d,101-200,201-300,SC_INFLOW,1550,3,-0.0298,0.1592,1479,7,-0.0727,False,B,0.2756
rank_velocity_7d,101-200,201-300,SC_INFLOW,1550,7,-0.0746,0.0398,1468,7,-0.0727,False,B,0.0933
rank_velocity_7d,101-200,201-300,SC_OUTFLOW,646,-7,0.1239,0.0398,620,7,-0.0727,True,B,0.0933
rank_velocity_7d,101-200,201-300,SC_OUTFLOW,646,-3,-0.0911,0.1095,623,7,-0.0727,False,B,0.2046
rank_velocity_7d,101-200,201-300,SC_OUTFLOW,646,-1,-0.0298,0.5572,625,7,-0.0727,False,B,0.6813
rank_velocity_7d,101-200,201-300,SC_OUTFLOW,646,1,-0.0987,0.1144,625,7,-0.0727,False,B,0.212
rank_velocity_7d,101-200,201-300,SC_OUTFLOW,646,3,-0.0498,0.3035,623,7,-0.0727,False,B,0.4533
rank_velocity_7d,101-200,201-300,SC_OUTFLOW,646,7,0.0483,0.3134,620,7,-0.0727,False,B,0.4632
rank_velocity_7d,101-200,201-300,CONC_RISING,1112,-7,0.0001,1.0,1053,7,-0.0727,False,B,1.0
rank_velocity_7d,101-200,201-300,CONC_RISING,1112,-3,-0.0418,0.4279,1061,7,-0.0727,False,B,0.5716
rank_velocity_7d,101-200,201-300,CONC_RISING,1112,-1,-0.0211,0.194,1068,7,-0.0727,False,B,0.3172
rank_velocity_7d,101-200,201-300,CONC_RISING,1112,1,-0.0152,0.3433,1068,7,-0.0727,False,B,0.496
rank_velocity_7d,101-200,201-300,CONC_RISING,1112,3,-0.0173,0.3383,1061,7,-0.0727,False,B,0.4898
rank_velocity_7d,101-200,201-300,CONC_RISING,1112,7,-0.007,0.6368,1053,7,-0.0727,False,B,0.7367
rank_velocity_7d,101-200,201-300,CONC_FALLING,1077,-7,-0.035,0.3383,1036,7,-0.0727,False,B,0.4898
rank_velocity_7d,101-200,201-300,CONC_FALLING,1077,-3,-0.1168,0.0348,1039,7,-0.0727,True,B,0.0858
rank_velocity_7d,101-200,201-300,CONC_FALLING,1077,-1,-0.2158,0.005,1040,7,-0.0727,True,B,0.0241
rank_velocity_7d,101-200,201-300,CONC_FALLING,1077,1,-0.2308,0.005,1040,7,-0.0727,True,B,0.0241
rank_velocity_7d,101-200,201-300,CONC_FALLING,1077,3,-0.2008,0.01,1039,7,-0.0727,True,B,0.0356
rank_velocity_7d,101-200,201-300,CONC_FALLING,1077,7,-0.0097,0.8607,1036,7,-0.0727,False,B,0.9055
rank_velocity_7d,201-300,301-500,BTC_UP,1127,-7,-0.3258,0.005,1074,7,-0.4027,True,B,0.0241
rank_velocity_7d,201-300,301-500,BTC_UP,1127,-3,0.0484,0.1343,1081,7,-0.4027,False,B,0.2419
rank_velocity_7d,201-300,301-500,BTC_UP,1127,-1,0.2276,0.005,1083,7,-0.4027,True,B,0.0241
rank_velocity_7d,201-300,301-500,BTC_UP,1127,1,0.2314,0.01,1083,7,-0.4027,True,B,0.0356
rank_velocity_7d,201-300,301-500,BTC_UP,1127,3,0.0425,0.1045,1081,7,-0.4027,False,B,0.1973
rank_velocity_7d,201-300,301-500,BTC_UP,1127,7,-0.3116,0.005,1074,7,-0.4027,False,B,0.0241
rank_velocity_7d,201-300,301-500,BTC_DOWN,962,-7,-0.2246,0.005,924,7,-0.4027,True,B,0.0241
rank_velocity_7d,201-300,301-500,BTC_DOWN,962,-3,0.0708,0.0896,927,7,-0.4027,False,B,0.1748
rank_velocity_7d,201-300,301-500,BTC_DOWN,962,-1,0.3314,0.005,931,7,-0.4027,True,B,0.0241
rank_velocity_7d,201-300,301-500,BTC_DOWN,962,1,0.3373,0.005,931,7,-0.4027,True,B,0.0241
rank_velocity_7d,201-300,301-500,BTC_DOWN,962,3,0.0886,0.0398,927,7,-0.4027,True,B,0.0933
rank_velocity_7d,201-300,301-500,BTC_DOWN,962,7,-0.1885,0.01,924,7,-0.4027,False,B,0.0356
rank_velocity_7d,201-300,301-500,VOL_HIGH,656,-7,-0.1566,0.01,618,7,-0.4027,True,B,0.0356
rank_velocity_7d,201-300,301-500,VOL_HIGH,656,-3,0.1676,0.005,621,7,-0.4027,True,B,0.0241
rank_velocity_7d,201-300,301-500,VOL_HIGH,656,-1,0.446,0.005,624,7,-0.4027,True,B,0.0241
rank_velocity_7d,201-300,301-500,VOL_HIGH,656,1,0.4414,0.01,624,7,-0.4027,True,B,0.0356
rank_velocity_7d,201-300,301-500,VOL_HIGH,656,3,0.1519,0.0299,621,7,-0.4027,True,B,0.0759
rank_velocity_7d,201-300,301-500,VOL_HIGH,656,7,-0.1184,0.0647,618,7,-0.4027,False,B,0.1367
rank_velocity_7d,201-300,301-500,VOL_LOW,864,-7,-0.1771,0.005,838,7,-0.4027,True,B,0.0241
rank_velocity_7d,201-300,301-500,VOL_LOW,864,-3,0.0598,0.0697,842,7,-0.4027,False,B,0.1456
rank_velocity_7d,201-300,301-500,VOL_LOW,864,-1,0.167,0.005,843,7,-0.4027,True,B,0.0241
rank_velocity_7d,201-300,301-500,VOL_LOW,864,1,0.1662,0.005,843,7,-0.4027,True,B,0.0241
rank_velocity_7d,201-300,301-500,VOL_LOW,864,3,0.0482,0.1741,842,7,-0.4027,False,B,0.2935
rank_velocity_7d,201-300,301-500,VOL_LOW,864,7,-0.1778,0.005,838,7,-0.4027,False,B,0.0241
rank_velocity_7d,201-300,301-500,BREADTH_EXPANDING,715,-7,-0.3304,0.005,682,7,-0.4027,True,B,0.0241
rank_velocity_7d,201-300,301-500,BREADTH_EXPANDING,715,-3,0.2307,0.01,685,7,-0.4027,True,B,0.0356
rank_velocity_7d,201-300,301-500,BREADTH_EXPANDING,715,-1,0.172,0.01,687,7,-0.4027,True,B,0.0356
rank_velocity_7d,201-300,301-500,BREADTH_EXPANDING,715,1,0.1867,0.01,687,7,-0.4027,True,B,0.0356
rank_velocity_7d,201-300,301-500,BREADTH_EXPANDING,715,3,0.2275,0.0149,685,7,-0.4027,True,B,0.0461
rank_velocity_7d,201-300,301-500,BREADTH_EXPANDING,715,7,-0.3207,0.005,682,7,-0.4027,False,B,0.0241
rank_velocity_7d,201-300,301-500,BREADTH_CONTRACTING,1481,-7,-0.3426,0.005,1406,7,-0.4027,True,B,0.0241
rank_velocity_7d,201-300,301-500,BREADTH_CONTRACTING,1481,-3,0.0842,0.0249,1416,7,-0.4027,True,B,0.0658
rank_velocity_7d,201-300,301-500,BREADTH_CONTRACTING,1481,-1,0.2853,0.005,1421,7,-0.4027,True,B,0.0241
rank_velocity_7d,201-300,301-500,BREADTH_CONTRACTING,1481,1,0.2807,0.005,1421,7,-0.4027,True,B,0.0241
rank_velocity_7d,201-300,301-500,BREADTH_CONTRACTING,1481,3,0.0825,0.0348,1416,7,-0.4027,True,B,0.0858
rank_velocity_7d,201-300,301-500,BREADTH_CONTRACTING,1481,7,-0.3881,0.005,1406,7,-0.4027,False,B,0.0241
rank_velocity_7d,201-300,301-500,SC_INFLOW,1550,-7,-0.3554,0.005,1468,7,-0.4027,True,B,0.0241
rank_velocity_7d,201-300,301-500,SC_INFLOW,1550,-3,0.1234,0.01,1479,7,-0.4027,True,B,0.0356
rank_velocity_7d,201-300,301-500,SC_INFLOW,1550,-1,0.2645,0.005,1484,7,-0.4027,True,B,0.0241
rank_velocity_7d,201-300,301-500,SC_INFLOW,1550,1,0.265,0.005,1484,7,-0.4027,True,B,0.0241
rank_velocity_7d,201-300,301-500,SC_INFLOW,1550,3,0.1218,0.0199,1479,7,-0.4027,True,B,0.0566
rank_velocity_7d,201-300,301-500,SC_INFLOW,1550,7,-0.4003,0.005,1468,7,-0.4027,False,B,0.0241
rank_velocity_7d,201-300,301-500,SC_OUTFLOW,646,-7,0.0177,0.6567,620,7,-0.4027,False,B,0.756
rank_velocity_7d,201-300,301-500,SC_OUTFLOW,646,-3,0.1293,0.0249,623,7,-0.4027,True,B,0.0658
rank_velocity_7d,201-300,301-500,SC_OUTFLOW,646,-1,0.1285,0.0249,625,7,-0.4027,True,B,0.0658
rank_velocity_7d,201-300,301-500,SC_OUTFLOW,646,1,0.1377,0.0199,625,7,-0.4027,True,B,0.0566
rank_velocity_7d,201-300,301-500,SC_OUTFLOW,646,3,0.0783,0.0995,623,7,-0.4027,False,B,0.1909
rank_velocity_7d,201-300,301-500,SC_OUTFLOW,646,7,0.0456,0.3632,620,7,-0.4027,False,B,0.5122
rank_velocity_7d,201-300,301-500,CONC_RISING,1112,-7,0.178,0.0597,1053,7,-0.4027,False,B,0.1285
rank_velocity_7d,201-300,301-500,CONC_RISING,1112,-3,0.2425,0.0299,1061,7,-0.4027,True,B,0.0759
rank_velocity_7d,201-300,301-500,CONC_RISING,1112,-1,0.4886,0.005,1068,7,-0.4027,True,B,0.0241
rank_velocity_7d,201-300,301-500,CONC_RISING,1112,1,0.478,0.005,1068,7,-0.4027,True,B,0.0241
rank_velocity_7d,201-300,301-500,CONC_RISING,1112,3,0.2163,0.01,1061,7,-0.4027,True,B,0.0356
rank_velocity_7d,201-300,301-500,CONC_RISING,1112,7,0.1739,0.0647,1053,7,-0.4027,False,B,0.1367
rank_velocity_7d,201-300,301-500,CONC_FALLING,1077,-7,0.2454,0.0249,1036,7,-0.4027,True,B,0.0658
rank_velocity_7d,201-300,301-500,CONC_FALLING,1077,-3,0.3996,0.005,1039,7,-0.4027,True,B,0.0241
rank_velocity_7d,201-300,301-500,CONC_FALLING,1077,-1,0.5085,0.005,1040,7,-0.4027,True,B,0.0241
rank_velocity_7d,201-300,301-500,CONC_FALLING,1077,1,0.4985,0.005,1040,7,-0.4027,True,B,0.0241
rank_velocity_7d,201-300,301-500,CONC_FALLING,1077,3,0.3685,0.005,1039,7,-0.4027,True,B,0.0241
rank_velocity_7d,201-300,301-500,CONC_FALLING,1077,7,0.2393,0.0199,1036,7,-0.4027,True,B,0.0566
