lag_d,variable,n_rev,n_con,med_rev,med_con,diff,ranksum_p,p_fdr
-14,top500_breadth_30d,369,437,0.298,0.312,-0.014000000000000012,0.9086141528118188,0.9380429512834566
-14,top500_breadth_7d,369,437,0.43,0.448,-0.018000000000000016,0.6635585539341708,0.7503655487947387
-14,breadth_vel,369,437,0.0,0.00399999999999999,-0.00399999999999999,0.6311561954345233,0.7185037046241225
-14,breadth_accel,369,437,0.006000000000000005,0.023999999999999997,-0.01799999999999999,0.4143506906031841,0.5546426567129236
-14,top500_dispersion_30d,347,421,0.34724826857437036,0.2925826181117645,0.05466565046260585,0.010957750702624105,0.04848068814495398
-14,top500_dispersion_7d,360,431,0.16056518610457898,0.14502537297379434,0.015539813130784647,0.01288953033511467,0.05428090662343461
-14,top3_share,369,437,0.7173832839393507,0.7128490848717842,0.004534199067566469,0.013091277479769525,0.05428090662343461
-14,top3_share_chg7,369,437,0.00019868815164103548,-0.00036031948213799403,0.0005590076337790295,0.27644131810734507,0.43099373503775906
-14,btc_return_30d,347,421,0.015008700150187071,0.002251667918427458,0.012757032231759613,0.11985485934953884,0.232926938266127
-14,btc_dominance,369,437,0.5308597775110605,0.5098551861684739,0.021004591342586587,0.01953235412553657,0.06583039598320292
-14,btc_dom_chg30,368,437,0.0006488964102883688,-0.0002051700706637849,0.0008540664809521537,0.7308637997038037,0.808547804444555
-14,eth_btc_relative_return_30d,347,421,-0.017995332382127582,-0.00841797523776977,-0.009577357144357812,0.2780332133871034,0.43099373503775906
-14,eth_btc_relative_return_7d,360,431,-0.00798484135217803,-0.00243247402038671,-0.005552367331791319,0.08808661058174937,0.19035665846056007
-14,med_ret30_11_50,347,421,-0.0216074737042673,-0.02093202298308794,-0.0006754507211793603,0.32926917074519957,0.4769823215042512
-14,med_ret30_51_200,347,421,-0.0416278068305046,-0.045918498558494725,0.004290691727990126,0.22593202167836812,0.36977649056093737
-14,med_ret30_201_500,347,421,-0.04319130446576458,-0.04498092475477372,0.0017896202890091417,0.35043143190398474,0.4937017410801995
-14,rb_spread,360,431,1.0,1.0,0.0,0.8038011773142333,0.864849367996327
-14,pos_ret_share,369,437,0.462,0.478,-0.01599999999999996,0.982314094208991,0.9881266036421802
-14,pos_vel7_share,369,437,0.362,0.366,-0.0040000000000000036,0.10298556042311237,0.21178482183785205
-14,leadership_width,369,437,0.0,0.0,0.0,0.5477653338706863,0.6595169355427584
-14,rank_depth_rel,347,421,-0.03688954576399295,-0.02923945972387698,-0.0076500860401159665,0.02194006819257155,0.07172714601417621
-14,vol_med,357,431,0.05261889042843511,0.05162692550575174,0.0009919649226833652,0.20424925875843114,0.34265500646973646
-14,chain_tvl_med_chg7,369,437,0.013042011182202273,0.004141921599641218,0.008900089582561055,0.3157059062681137,0.468313799520464
-14,stablecoin_change_7d,369,437,0.008251260652743175,0.006154265938108416,0.002096994714634759,0.036987688232598084,0.10341232963096837
-14,stablecoin_change_30d,369,437,0.03664235176362385,0.03153803928485721,0.005104312478766637,0.07304394380027963,0.16780365467631808
-14,dex_volume_change_7d,369,437,0.0026379973983490235,-0.016378120901358373,0.019016118299707396,0.15263686592303463,0.27801714864552735
-14,total_mcap_chg30,368,437,0.024047804195384437,0.020237617054182477,0.0038101871412019594,0.21721590588592798,0.3580069193032541
-14,eth_share,369,437,0.14322260711781112,0.15197873871313602,-0.0087561315953249,0.08319709628046144,0.18368190087894085
-14,n_stablecoins_in_top500,369,437,23.0,23.0,0.0,0.3427931305509916,0.48525981737770074
-14,mkt_ret_1d,369,437,0.0038519343106957083,0.0021744613056669795,0.0016774730050287288,0.33451528149816856,0.4792213302361404
-10,top500_breadth_30d,379,442,0.294,0.3,-0.006000000000000005,0.8663732709097014,0.9072902837042047
-10,top500_breadth_7d,379,442,0.466,0.431,0.03500000000000003,0.5329735155117296,0.6456448762731166
-10,breadth_vel,379,442,0.0,-0.0020000000000000018,0.0020000000000000018,0.8612670672945953,0.905662276948956
-10,breadth_accel,379,442,0.0040000000000000036,0.004999999999999949,-0.0009999999999999454,0.9777443892518848,0.9854735939100024
-10,top500_dispersion_30d,360,430,0.3498801325400476,0.29988736444576525,0.049992768094282325,0.01372628727644056,0.056150772185079266
-10,top500_dispersion_7d,368,436,0.15195851009681943,0.14441284513063962,0.00754566496617981,0.08016198488030593,0.17930970302173693
-10,top3_share,379,442,0.7173765366520384,0.7122241553131974,0.0051523813388409945,0.03898266499831321,0.10631635908630876
-10,top3_share_chg7,379,442,0.001037513892924391,-0.0006043648125280687,0.0016418787054524597,0.12578568882527555,0.24207811811656801
-10,btc_return_30d,360,430,0.01556373814279699,0.0012451392186880739,0.014318598924108916,0.09304965281406935,0.19773051222989738
-10,btc_dominance,379,442,0.5291030463834046,0.5047619555603934,0.02434109082301117,0.01902146915661308,0.06535932355439182
-10,btc_dom_chg30,379,442,0.002577853866261637,0.0004066462467652021,0.0021712076194964347,0.6033695043759923,0.7003705325866091
-10,eth_btc_relative_return_30d,360,430,-0.019484877204237805,-0.012260484245301628,-0.007224392958936177,0.33431781470156774,0.4792213302361404
-10,eth_btc_relative_return_7d,368,436,-0.006605290331860747,-0.007179525538641096,0.0005742352067803491,0.6123356263160868,0.7065411072877925
-10,med_ret30_11_50,360,430,-0.024281566273181177,-0.02383147386692641,-0.0004500924062547651,0.38843493340358826,0.5296840000958022
-10,med_ret30_51_200,360,430,-0.04464237729802967,-0.04428204850053605,-0.0003603287974936198,0.2509839230488622,0.4009036959517842
-10,med_ret30_201_500,360,430,-0.04326488740982892,-0.042699209954735584,-0.0005656774550933386,0.3434878315163725,0.48525981737770074
-10,rb_spread,368,436,1.0,1.0,0.0,0.5726190304900397,0.6823264148362622
-10,pos_ret_share,379,442,0.466,0.451,0.015000000000000013,0.48111699064967783,0.6043587813579697
-10,pos_vel7_share,379,442,0.356,0.362,-0.006000000000000005,0.22819266776749092,0.3718155289502248
-10,leadership_width,379,442,0.0,0.0,0.0,0.9604455532511708,0.9738115947477078
-10,rank_depth_rel,360,430,-0.03074868620856719,-0.028306458047503535,-0.002442228161063653,0.3677736561290209,0.5123900174889151
-10,vol_med,361,435,0.05282037640093605,0.051947489222125796,0.0008728871788102541,0.3532447569545132,0.4962942866303078
-10,chain_tvl_med_chg7,379,442,0.006892068413517638,0.009494192869302531,-0.0026021244557848933,0.7658084710755222,0.8375524850390473
-10,stablecoin_change_7d,379,442,0.00743289643469458,0.0056677367361669395,0.0017651596985276408,0.04814305855796351,0.12253968860142005
-10,stablecoin_change_30d,379,442,0.038979499277099094,0.030839510182278818,0.008139989094820277,0.01751041538833218,0.06378794177178151
-10,dex_volume_change_7d,379,442,-0.0060348456279143425,0.00883899411500677,-0.014873839742921113,0.40965093277409115,0.5527036394571071
-10,total_mcap_chg30,379,442,0.02355660770028134,0.01197864799599302,0.011577959704288321,0.15605624859894898,0.2832337608023629
-10,eth_share,379,442,0.14363473897628876,0.1554800517257519,-0.011845312749463155,0.052118353106190715,0.1278341907168037
-10,n_stablecoins_in_top500,379,442,23.0,23.0,0.0,0.27394164599124304,0.42987765986318144
-10,mkt_ret_1d,379,442,0.0026668654876512944,0.003415669211464901,-0.0007488037238136064,0.7669353147318335,0.8375524850390473
-7,top500_breadth_30d,380,445,0.348,0.31,0.03799999999999998,0.3006843109754589,0.45554038224803756
-7,top500_breadth_7d,380,445,0.438,0.392,0.045999999999999985,0.08395788702673468,0.184562596481184
-7,breadth_vel,380,445,0.0,-0.0020000000000000018,0.0020000000000000018,0.4895630917250957,0.6089687238531678
-7,breadth_accel,380,445,0.0,0.006000000000000005,-0.006000000000000005,0.23932121315777521,0.3874724403506837
-7,top500_dispersion_30d,362,431,0.34653394685833805,0.3075731902355687,0.03896075662276932,0.049290864072818824,0.12302003189613649
-7,top500_dispersion_7d,365,433,0.1501324117515633,0.14534095373060452,0.004791458020958789,0.1746862157301846,0.30406133113445105
-7,top3_share,380,445,0.7166410690611924,0.7117520375361833,0.00488903152500908,0.09756047200074026,0.2064557706239732
-7,top3_share_chg7,380,445,-7.753406390503814e-05,-4.2270095253926776e-05,-3.5263968651111366e-05,0.408399608027721,0.5524769233266252
-7,btc_return_30d,362,431,0.02954878898173796,0.0009304986082450117,0.02861829037349295,0.006780694742504649,0.034581543186773714
-7,btc_dominance,380,445,0.5311289897690681,0.5019406123064709,0.02918837746259717,0.018508981043969412,0.06470327604061613
-7,btc_dom_chg30,380,445,0.0020461730765284902,0.0005650774655643898,0.0014810956109641005,0.49177614685445314,0.6102331749288834
-7,eth_btc_relative_return_30d,362,431,-0.011834269333166836,-0.016988403645166628,0.005154134311999792,0.7572791881769376,0.832354280108272
-7,eth_btc_relative_return_7d,365,433,-0.005778103182807248,-0.005042488470527129,-0.0007356147122801193,0.8253111749211125,0.8842619731297634
-7,med_ret30_11_50,362,431,-0.008243166013885611,-0.02477102742650522,0.01652786141261961,0.10167619989714764,0.210792121737989
-7,med_ret30_51_200,362,431,-0.024790381269305106,-0.04694692246222276,0.022156541192917656,0.11579596512093486,0.22949037440425926
-7,med_ret30_201_500,362,431,-0.030735239930168107,-0.04229399153811664,0.01155875160794853,0.12493494256418335,0.24135159358989963
-7,rb_spread,365,433,1.0,1.0,0.0,0.97172036526585,0.9813413589813534
-7,pos_ret_share,380,445,0.458,0.432,0.026000000000000023,0.526467224797017,0.6408073619247702
-7,pos_vel7_share,380,445,0.356,0.364,-0.008000000000000007,0.014357556121921768,0.056762431179690716
-7,leadership_width,380,445,0.0,0.0,0.0,0.034749765218588254,0.10012644215525429
-7,rank_depth_rel,362,431,-0.034534869845298105,-0.03151623927334013,-0.0030186305719579754,0.17907826503973456,0.30854701071035345
-7,vol_med,361,436,0.052541502425749106,0.051447304281366346,0.0010941981443827603,0.43986036509457505,0.5713121425388662
-7,chain_tvl_med_chg7,380,445,0.016201537292659773,0.009621212102900012,0.0065803251897597614,0.08482833350227173,0.1856757514427407
-7,stablecoin_change_7d,380,445,0.007717399199169361,0.006132292251149085,0.0015851069480202762,0.01573220260750088,0.06063539497864351
-7,stablecoin_change_30d,380,445,0.037218492907010514,0.0300599482595012,0.007158544647509313,0.018190187881780343,0.06442358208130539
-7,dex_volume_change_7d,380,445,-0.005382332940927104,0.0009341950320875814,-0.006316527973014685,0.6924368303408001,0.7778475406912072
-7,total_mcap_chg30,380,445,0.03398410190823087,0.006332925013122326,0.027651176895108542,0.06848268351758892,0.15875531179077432
-7,eth_share,380,445,0.1479004442556965,0.1547614312144389,-0.006860986958742377,0.13737920106647752,0.2585365038520426
-7,n_stablecoins_in_top500,380,445,23.0,23.0,0.0,0.3098793181706384,0.4661901246814914
-7,mkt_ret_1d,380,445,0.001303195373635138,0.0024693208302699523,-0.0011661254566348142,0.8430490021713417,0.8943133048009927
-5,top500_breadth_30d,380,447,0.329,0.31,0.019000000000000017,0.338609686250006,0.4837281232142943
-5,top500_breadth_7d,380,447,0.442,0.408,0.03400000000000003,0.2013762100119364,0.3400724076360515
-5,breadth_vel,380,447,0.0,-0.0020000000000000018,0.0020000000000000018,0.13959789173797424,0.25983549192104693
-5,breadth_accel,380,447,0.0,0.0,0.0,0.09051010550485802,0.19317477320899115
-5,top500_dispersion_30d,360,431,0.3322210670351132,0.3081425377721678,0.024078529262945403,0.04880873755621828,0.12302003189613649
-5,top500_dispersion_7d,375,437,0.15618763014012146,0.14938545877914833,0.006802171360973136,0.06475971852246974,0.1522002601219335
-5,top3_share,380,447,0.7164704608661188,0.7113936948613566,0.0050767660047621455,0.11384803117885216,0.22769606235770432
-5,top3_share_chg7,380,447,-0.0003188434251982786,-0.00013242776999500272,-0.00018641565520327585,0.3832546611381219,0.5240211184462257
-5,btc_return_30d,360,431,0.029401143727719625,-0.00021781884327065626,0.02961896257099028,0.02184441846611145,0.07172714601417621
-5,btc_dominance,380,447,0.5294441907560082,0.5035967684547273,0.025847422301280898,0.022843945475454493,0.07279814904614822
-5,btc_dom_chg30,380,447,-0.0003383676712218897,0.0011829429120857604,-0.0015213105833076501,0.6039228044232803,0.7003705325866091
-5,eth_btc_relative_return_30d,360,431,-0.013085758622242483,-0.018723229952670284,0.005637471330427801,0.9922708255499814,0.9942202770736552
-5,eth_btc_relative_return_7d,375,437,0.0009098214001663774,-0.0037870418382853765,0.004696863238451754,0.41329099328592533,0.5546426567129236
-5,med_ret30_11_50,360,431,-0.0050213873356668715,-0.014810482248933998,0.009789094913267127,0.1170078768039881,0.2304016106951117
-5,med_ret30_51_200,360,431,-0.02326787117412399,-0.03877830188679243,0.015510430712668444,0.08756385562962624,0.19003219732386972
-5,med_ret30_201_500,360,431,-0.022106337367019502,-0.04458076499573449,0.022474427628714988,0.10788588140435947,0.22008719806489332
-5,rb_spread,375,437,0.5,0.5,0.0,0.9082513247323789,0.9380429512834566
-5,pos_ret_share,380,447,0.433,0.442,-0.009000000000000008,0.5166877857292047,0.6332520646470029
-5,pos_vel7_share,380,447,0.362,0.36,0.0020000000000000018,0.48291523074943155,0.6051271933223835
-5,leadership_width,380,447,0.0,0.0,0.0,0.8925361838761448,0.9251899467008817
-5,rank_depth_rel,360,431,-0.03500021263900177,-0.029545900770446387,-0.005454311868555384,0.10043103007990134,0.2096794848910208
-5,vol_med,363,441,0.05196539434757538,0.05162692550575174,0.00033846884182364007,0.5769653869928828,0.6832783456733353
-5,chain_tvl_med_chg7,380,447,0.014584912099736613,0.0069222248635916195,0.007662687236144994,0.027164637318655645,0.08291812317995154
-5,stablecoin_change_7d,380,447,0.008032668108344798,0.006271231080093198,0.0017614370282516,0.052294072945638204,0.1278341907168037
-5,stablecoin_change_30d,380,447,0.03748495776356542,0.029896269901789063,0.007588687861776355,0.02326685940102384,0.07279814904614822
-5,dex_volume_change_7d,380,447,-0.0036144723378785937,0.0026379973983490235,-0.006252469736227617,0.6714727749835148,0.757635210711488
-5,total_mcap_chg30,380,447,0.041712301824046394,0.018208352308789255,0.02350394951525714,0.03464708921877593,0.10012644215525429
-5,eth_share,380,447,0.14356727381943118,0.15783867767209503,-0.014271403852663844,0.1188743169301165,0.23228314802436562
-5,n_stablecoins_in_top500,380,447,23.0,23.0,0.0,0.2761138987257987,0.43099373503775906
-5,mkt_ret_1d,380,447,-0.0008793981240814662,0.0026335916717757013,-0.0035129897958571677,0.045563270570209494,0.11855748974901449
-3,top500_breadth_30d,385,445,0.34,0.312,0.028000000000000025,0.43918949505789207,0.5713121425388662
-3,top500_breadth_7d,385,445,0.452,0.382,0.07,0.0434525461586882,0.11482279036751805
-3,breadth_vel,385,445,0.0,-0.0040000000000000036,0.0040000000000000036,0.24229434246496195,0.38981108724646873
-3,breadth_accel,385,445,0.0040000000000000036,0.001999999999999988,0.0020000000000000157,0.24729988984918327,0.3966130308901996
-3,top500_dispersion_30d,361,433,0.33418538487216487,0.29843056891191755,0.03575481596024732,0.019095174920792907,0.06535932355439182
-3,top500_dispersion_7d,379,436,0.15995857030478072,0.14381446723454147,0.016144103070239252,0.036695436010579015,0.10339597991931103
-3,top3_share,385,445,0.7154782260197752,0.7105590082022002,0.0049192178175749834,0.05903090842509005,0.1413416117220466
-3,top3_share_chg7,385,445,-0.0005081803984371414,-0.00047237808818700877,-3.5802310250132585e-05,0.6144662829238465,0.7073991067520581
-3,btc_return_30d,361,433,0.02067229467373255,-0.00015601341081428188,0.02082830808454683,0.01605415904987212,0.06063539497864351
-3,btc_dominance,385,445,0.5280459758508385,0.5034554682466356,0.024590507604202894,0.011056850656426082,0.04848068814495398
-3,btc_dom_chg30,385,445,-0.0007180930231368565,0.00019977697017981022,-0.0009178699933166667,0.9680417701447112,0.9795660769321481
-3,eth_btc_relative_return_30d,361,433,-0.015776381045227383,-0.015528205852269106,-0.0002481751929582776,0.8027094889985349,0.864849367996327
-3,eth_btc_relative_return_7d,379,436,0.0012091712780382124,-0.006000004572876305,0.007209175850914518,0.5981020422212044,0.6980138250178817
-3,med_ret30_11_50,361,433,-0.00030977858698100214,-0.02426192785825243,0.023952149271271428,0.07085853831655152,0.1635197038074266
-3,med_ret30_51_200,361,433,-0.026015109952966742,-0.04890819576183264,0.0228930858088659,0.04935797014938661,0.12302003189613649
-3,med_ret30_201_500,361,433,-0.026768103722855097,-0.052394832584469364,0.025626728861614267,0.038812524306124974,0.10631635908630876
-3,rb_spread,379,436,1.0,0.5,0.5,0.47853568647261924,0.6031334208346361
-3,pos_ret_share,385,445,0.488,0.426,0.062,0.040552594583433146,0.10942763617751801
-3,pos_vel7_share,385,445,0.36,0.358,0.0020000000000000018,0.8730211475009853,0.9105128532218865
-3,leadership_width,385,445,0.0,0.0,0.0,0.8309122430702944,0.8883967378738997
-3,rank_depth_rel,361,433,-0.0335396620497887,-0.028826313448971408,-0.004713348600817291,0.18290307233857905,0.31215834232090317
-3,vol_med,370,438,0.052849551485511355,0.05156568666383709,0.001283864821674266,0.2984237461006546,0.454715447118406
-3,chain_tvl_med_chg7,385,445,0.0131175074420109,0.009898120020202406,0.003219387421808495,0.09937998910955367,0.20943716713170404
-3,stablecoin_change_7d,385,445,0.008092498080870536,0.006686697228984739,0.0014058008518857967,0.016068810945077956,0.06063539497864351
-3,stablecoin_change_30d,385,445,0.03711607463154465,0.029667280522445605,0.007448794109099044,0.0167718461816297,0.061982909801674986
-3,dex_volume_change_7d,385,445,-0.00721825537069587,-0.03642336491016085,0.02920510953946498,0.3122029350898743,0.46693107594086775
-3,total_mcap_chg30,385,445,0.04504672003807131,0.005989394171173723,0.039057325866897585,0.028637116301188398,0.0859113489035652
-3,eth_share,385,445,0.14507658316658245,0.1554716117089386,-0.01039502854235616,0.17387182477779617,0.30368024190642484
-3,n_stablecoins_in_top500,385,445,23.0,23.0,0.0,0.17117686296829426,0.30207681700287226
-3,mkt_ret_1d,385,445,0.004246137816588818,0.0010772414792098455,0.0031688963373789725,0.09997730307492406,0.2096794848910208
-2,top500_breadth_30d,383,447,0.326,0.29,0.03600000000000003,0.3136290401138294,0.4676924282399211
-2,top500_breadth_7d,383,447,0.464,0.398,0.066,0.13840457450965604,0.2595085772056051
-2,breadth_vel,383,447,0.0,-0.0020000000000000018,0.0020000000000000018,0.2841921379268971,0.43920603134156827
-2,breadth_accel,383,447,0.0020000000000000018,0.0020000000000000018,0.0,0.5828699721258521,0.684939368166324
-2,top500_dispersion_30d,361,432,0.3177625626024489,0.31465955826093633,0.0031030043415125608,0.17380214410040584,0.30368024190642484
-2,top500_dispersion_7d,377,437,0.1568556165457226,0.1434512154936756,0.013404401052047016,0.03710677710287689,0.10341232963096837
-2,top3_share,383,447,0.7155726861222258,0.7110391886855134,0.004533497436712386,0.07979864800529786,0.17928330609119783
-2,top3_share_chg7,383,447,-0.0012067357701700532,0.00011261413472340998,-0.0013193499048934632,0.0757393458347272,0.1724422606058521
-2,btc_return_30d,361,432,0.02625616906752337,0.0073133654272911075,0.018942803640232264,0.019620039587150674,0.06583039598320292
-2,btc_dominance,383,447,0.5299187187967761,0.5053674934905319,0.024551225306244207,0.01800439286613673,0.06441940370808164
-2,btc_dom_chg30,383,447,-0.0004616121064311418,0.0010636940730731625,-0.0015253061795043044,0.8386744438819261,0.8943133048009927
-2,eth_btc_relative_return_30d,361,432,-0.018877231644724546,-0.01308547737854654,-0.005791754266178006,0.7138306632776091,0.7948769394575996
-2,eth_btc_relative_return_7d,377,437,-0.003702613701584645,-0.0018890324588840546,-0.0018135812427005904,0.8431188045882985,0.8943133048009927
-2,med_ret30_11_50,361,432,-0.0050213873356668715,-0.02295433919618861,0.01793295186052174,0.043962404284086654,0.11557126899424842
-2,med_ret30_51_200,361,432,-0.029380068651261193,-0.05428753105426776,0.024907462403006564,0.03624724757863973,0.1027005348061459
-2,med_ret30_201_500,361,432,-0.023284738124129956,-0.054122399287104966,0.03083766116297501,0.023111508202369162,0.07279814904614822
-2,rb_spread,377,437,1.0,0.5,0.5,0.16308906282607316,0.28880354875450454
-2,pos_ret_share,383,447,0.434,0.45,-0.016000000000000014,0.7240779469946694,0.8045310522162994
-2,pos_vel7_share,383,447,0.362,0.358,0.0040000000000000036,0.9393460086581195,0.9619808522402429
-2,leadership_width,383,447,0.0,0.0,0.0,0.5773024061829177,0.6832783456733353
-2,rank_depth_rel,361,432,-0.029842489802471506,-0.0283653367273613,-0.0014771530751102047,0.6085843056505171,0.7038049793237273
-2,vol_med,370,440,0.05285111422623196,0.051474942996523866,0.0013761712297080952,0.2934219097207762,0.4515775742537499
-2,chain_tvl_med_chg7,383,447,0.012029032551100882,0.009776039299465245,0.0022529932516356377,0.25371263860505844,0.40309484638186854
-2,stablecoin_change_7d,383,447,0.007969407815131557,0.0065370902538515185,0.0014323175612800387,0.013065131128237057,0.05428090662343461
-2,stablecoin_change_30d,383,447,0.037620843162446516,0.03184701903069742,0.005773824131749095,0.018649767799942294,0.06470327604061613
-2,dex_volume_change_7d,383,447,-0.00816349417472928,-0.017999847627595877,0.009836353452866597,0.11266851106559775,0.22622417576163328
-2,total_mcap_chg30,383,447,0.04335274233657227,0.012306923662461111,0.03104581867411116,0.016417133219912592,0.061114875490185565
-2,eth_share,383,447,0.14397145675608472,0.15531853678122554,-0.011347080025140815,0.10730671697598952,0.21978484199901469
-2,n_stablecoins_in_top500,383,447,23.0,23.0,0.0,0.14731372663757933,0.2712274389356154
-2,mkt_ret_1d,383,447,0.002768823340203289,0.003086346302070795,-0.000317522961867506,0.5782947752378219,0.6832783456733353
-1,top500_breadth_30d,384,452,0.35,0.29,0.06,0.20622875717323763,0.3437145952887294
-1,top500_breadth_7d,384,452,0.421,0.445,-0.02400000000000002,0.3765112824306156,0.5161848226871343
-1,breadth_vel,384,452,0.0,-0.0040000000000000036,0.0040000000000000036,0.40312186454121013,0.5467876354149392
-1,breadth_accel,384,452,-0.0019999999999999393,-5.551115123125783e-17,-0.001999999999999884,0.734939629015086,0.8112969930686015
-1,top500_dispersion_30d,362,434,0.3309381952217435,0.31009047959376257,0.020847715627980934,0.06671374053660192,0.1559934670412106
-1,top500_dispersion_7d,375,443,0.15192384793146024,0.14582701904256262,0.006096828888897621,0.03544552951724961,0.10099005616646536
-1,top3_share,384,452,0.7159511541508309,0.7113235713935226,0.004627582757308235,0.05435117250839063,0.13137013260321906
-1,top3_share_chg7,384,452,-0.0010107450297485165,0.00028240220987774123,-0.0012931472396262578,0.25154741706778616,0.4009036959517842
-1,btc_return_30d,362,434,0.021777973880382384,0.008426402140600642,0.013351571739781742,0.021865650851919743,0.07172714601417621
-1,btc_dominance,384,452,0.5273951734163091,0.5026778891404361,0.024717284275873053,0.01806269554952093,0.06441940370808164
-1,btc_dom_chg30,384,452,0.00181188998006504,0.0013960262459857264,0.00041586373407931365,0.8711171342802553,0.9103888083666601
-1,eth_btc_relative_return_30d,362,434,-0.01668723097816799,-0.0097175031076292,-0.006969727870538789,0.6403962580706264,0.7273988677416915
-1,eth_btc_relative_return_7d,375,443,-0.0025037556465619115,-0.0018334271104984978,-0.0006703285360634137,0.6963625690104545,0.778826557445903
-1,med_ret30_11_50,362,434,-0.003852856681219874,-0.027320316477427026,0.023467459796207152,0.04429459715943054,0.11584740795543373
-1,med_ret30_51_200,362,434,-0.02428246319017721,-0.054044990600305126,0.029762527410127915,0.033983977517305516,0.09903902019329036
-1,med_ret30_201_500,362,434,-0.02443226759458081,-0.05867915402838597,0.03424688643380516,0.0161694386609716,0.06063539497864351
-1,rb_spread,375,443,1.0,1.0,0.0,0.7913086828910467,0.8568310579075028
-1,pos_ret_share,384,452,0.47,0.505,-0.03500000000000003,0.4459431180247445,0.5772360157173089
-1,pos_vel7_share,384,452,0.36,0.358,0.0020000000000000018,0.8575577549430693,0.9048000827999164
-1,leadership_width,384,452,0.0,0.0,0.0,0.35533440608617006,0.49785864588996354
-1,rank_depth_rel,362,434,-0.029390760134929916,-0.03375456512791494,0.0043638049929850264,0.5611949619563064,0.6718531234688174
-1,vol_med,372,444,0.052692034359037555,0.051614894713223135,0.0010771396458144206,0.215991522301879,0.3580069193032541
-1,chain_tvl_med_chg7,384,452,0.018632837140434955,0.007360466624552031,0.011272370515882923,0.05320859140287851,0.1292208648355621
-1,stablecoin_change_7d,384,452,0.007794013038675662,0.0068219868024229635,0.0009720262362526988,0.023221272818639734,0.07279814904614822
-1,stablecoin_change_30d,384,452,0.036822677180923025,0.029722288210983216,0.007100388969939808,0.015863563093739003,0.06063539497864351
-1,dex_volume_change_7d,384,452,0.01569084085499184,-0.006779604699597153,0.02247044555458899,0.043321705497070886,0.11482279036751805
-1,total_mcap_chg30,384,452,0.03608638491601179,0.011381804885581825,0.024704580030429968,0.01731967598100841,0.06354701259218913
-1,eth_share,384,452,0.14599630663164623,0.1576624256732777,-0.011666119041631479,0.11246972616396518,0.22622417576163328
-1,n_stablecoins_in_top500,384,452,23.0,23.0,0.0,0.12011722502743413,0.232926938266127
-1,mkt_ret_1d,384,452,0.002877713297258666,0.004503840134835257,-0.0016261268375765909,0.2939681463769509,0.4515775742537499
0,top500_breadth_30d,385,452,0.356,0.321,0.034999999999999976,0.3687198753302585,0.5123900174889151
0,top500_breadth_7d,385,452,0.506,0.488,0.018000000000000016,0.5074659807748702,0.6251392516791878
0,breadth_vel,385,452,0.001999999999999988,0.0,0.001999999999999988,0.37124664843665134,0.5144994312573157
0,breadth_accel,385,452,0.0,0.0050000000000000044,-0.0050000000000000044,0.3189832620624078,0.4688226618208299
0,top500_dispersion_30d,357,433,0.34407674925289794,0.30845589906715204,0.0356208501857459,0.047417226940967505,0.12233616480299489
0,top500_dispersion_7d,380,445,0.1606063745905351,0.1500801768310781,0.010526197759456984,0.031385458943166945,0.09306153523846013
0,top3_share,385,452,0.7158046143147607,0.7108705814883032,0.004934032826457546,0.06003907287743044,0.14188523729477018
0,top3_share_chg7,385,452,-0.0006216515383185017,-0.00013400265819596413,-0.0004876488801225376,0.8770100322572156,0.9128063601044489
0,btc_return_30d,357,433,0.03119782684766137,0.012133975524391216,0.019063851323270153,0.014101857150494477,0.05662950509253688
0,btc_dominance,385,452,0.526498250239662,0.5034554682466356,0.02304278199302645,0.013762444163009624,0.056150772185079266
0,btc_dom_chg30,385,452,0.000616154359411536,-0.00020553228105230081,0.0008216866404638368,0.931078416788239,0.957358855971778
0,eth_btc_relative_return_30d,357,433,-0.00886180667248837,-0.0039343610453905775,-0.004927445627097793,0.5232811878916306,0.6384531239826114
0,eth_btc_relative_return_7d,380,445,0.003633313705476482,0.0009098214001663774,0.0027234923053101046,0.5053537976631577,0.6240446411821076
0,med_ret30_11_50,357,433,-0.0002104070152798565,-0.014810482248933998,0.014600075233654142,0.06009257108954972,0.14188523729477018
0,med_ret30_51_200,357,433,-0.02225171874341786,-0.03792163444652075,0.015669915703102888,0.04944922850727055,0.12302003189613649
0,med_ret30_201_500,357,433,-0.02615383299804902,-0.04137931034482767,0.015225477346778649,0.023180101447070705,0.07279814904614822
0,rb_spread,380,445,1.0,1.0,0.0,0.3757389632899313,0.5161848226871343
0,pos_ret_share,385,452,0.61,0.601,0.009000000000000008,0.20600775682711148,0.3437145952887294
0,pos_vel7_share,385,452,0.36,0.358,0.0020000000000000018,0.3240943161198554,0.4735075055033296
0,leadership_width,385,452,0.0,0.0,0.0,0.3415626386506294,0.48525981737770074
0,rank_depth_rel,357,433,-0.03296186310644156,-0.03429983099719386,0.0013379678907523007,0.594659607695234,0.6955880732214893
0,vol_med,373,444,0.052764772977670835,0.05130062033813611,0.001464152639534727,0.16026215284777223,0.28678490509601345
0,chain_tvl_med_chg7,385,452,0.014003680267382523,0.009815727900897686,0.004187952366484837,0.33289766831761336,0.4792213302361404
0,stablecoin_change_7d,385,452,0.008143075196813454,0.006496084785438061,0.001646990411375393,0.03876447822822664,0.10631635908630876
0,stablecoin_change_30d,385,452,0.03780067594901282,0.031162255229137736,0.006638420719875082,0.0178903074040818,0.06441940370808164
0,dex_volume_change_7d,385,452,0.00814147395006004,-0.02309740352851919,0.03123887747857923,0.16211033105273065,0.28880354875450454
0,total_mcap_chg30,385,452,0.05258970714103861,0.020072892396028275,0.032516814745010336,0.009632154870345418,0.046262811127160915
0,eth_share,385,452,0.14622155052027597,0.15978168698859035,-0.013560136468314388,0.08556128881292535,0.18647973202817064
0,n_stablecoins_in_top500,385,452,23.0,23.0,0.0,0.13608723159229272,0.2570536596743307
0,mkt_ret_1d,385,452,0.010013304211127309,0.007513218209527559,0.00250008600159975,0.15708790258983207,0.2840951429816112
1,top500_breadth_30d,383,445,0.382,0.32,0.062,0.18301047912539226,0.31215834232090317
1,top500_breadth_7d,383,445,0.482,0.476,0.006000000000000005,0.1823406274442071,0.31215834232090317
1,breadth_vel,383,445,0.0,0.0,0.0,0.1461641460821728,0.2700859221083628
1,breadth_accel,383,445,0.001999999999999988,0.010000000000000064,-0.008000000000000076,0.4481839887364759,0.5786679348243107
1,top500_dispersion_30d,362,433,0.3324667696677369,0.3112832852104333,0.021183484457303614,0.04180047615289814,0.11220127809462133
1,top500_dispersion_7d,379,438,0.15441990555641003,0.14694676658178013,0.007473138974629895,0.059327399581835104,0.14138772797540142
1,top3_share,383,445,0.714418476593428,0.7105590082022002,0.0038594683912278605,0.05086941952198801,0.12593885415637807
1,top3_share_chg7,383,445,0.0001479382736989665,0.00025935164522317145,-0.00011141337152420494,0.7776402798733363,0.8474285101183793
1,btc_return_30d,362,433,0.03719198060137996,0.015939580620622174,0.021252399980757786,0.011543264566100074,0.049471133854714605
1,btc_dominance,383,445,0.5249324874777277,0.5036615405856549,0.021270946892072762,0.01863702179712576,0.06470327604061613
1,btc_dom_chg30,383,445,-1.86808108459946e-06,-0.00043345141986461666,0.0004315833387800172,0.8586730197552147,0.9048000827999164
1,eth_btc_relative_return_30d,362,433,-0.006108292295521567,-0.009082739758922043,0.002974447463400476,0.9870097941493176,0.9908956594806141
1,eth_btc_relative_return_7d,379,438,-0.002427706746858105,0.0003109930149867157,-0.0027386997618448206,0.3762446349778943,0.5161848226871343
1,med_ret30_11_50,362,433,-0.0001541981758454436,-0.0073094250652843695,0.007155226889438926,0.058502500397093406,0.14073714718168695
1,med_ret30_51_200,362,433,-0.010990101567692756,-0.0416278068305046,0.030637705262811843,0.025648047216801112,0.07927578230647617
1,med_ret30_201_500,362,433,-0.013345137804051221,-0.041856510884137554,0.028511373080086333,0.009706119197267094,0.046262811127160915
1,rb_spread,379,438,1.0,1.0,0.0,0.6173783095761171,0.7080242019916956
1,pos_ret_share,383,445,0.498,0.45,0.04799999999999999,0.07521042703956052,0.17200590937298593
1,pos_vel7_share,383,445,0.36,0.356,0.0040000000000000036,0.31588224908831297,0.468313799520464
1,leadership_width,383,445,0.0,0.0,0.0,0.329498692266731,0.4769823215042512
1,rank_depth_rel,362,433,-0.03278078051565486,-0.03305770734030855,0.00027692682465368934,0.4588559583895989,0.585588111369408
1,vol_med,374,437,0.05245652515427863,0.05094404080754468,0.0015124843467339485,0.11761752493201928,0.23071129890511477
1,chain_tvl_med_chg7,383,445,0.017696342190196335,0.013385687590744433,0.004310654599451902,0.5355344923437744,0.6472099315055093
1,stablecoin_change_7d,383,445,0.007996327129929481,0.0060543130178118965,0.001942014112117585,0.027314205282807563,0.08291812317995154
1,stablecoin_change_30d,383,445,0.036502257480258926,0.0301950106823492,0.006307246797909727,0.014260517821917468,0.056762431179690716
1,dex_volume_change_7d,383,445,-0.027086603289211086,-0.036469858809270006,0.00938325552005892,0.43255884000898703,0.5685696092901634
1,total_mcap_chg30,383,445,0.04841652501964555,0.022516685766998057,0.025899839252647494,0.007736069163232969,0.038304808478143826
1,eth_share,383,445,0.14507658316658245,0.1601441654866827,-0.015067582320100248,0.10237143456282466,0.2113742171135246
1,n_stablecoins_in_top500,383,445,23.0,23.0,0.0,0.09052700156264487,0.19317477320899115
1,mkt_ret_1d,383,445,0.004017779887476282,0.0025535065869085926,0.001464273300567689,0.10072837999666687,0.2096794848910208
2,top500_breadth_30d,382,445,0.40900000000000003,0.3,0.10900000000000004,0.012698652785118409,0.05396927433675324
2,top500_breadth_7d,382,445,0.5,0.448,0.05199999999999999,0.003698540293643689,0.0211219654426814
2,breadth_vel,382,445,0.0020000000000000018,-0.0040000000000000036,0.006000000000000005,0.005073229637685858,0.02782093672279342
2,breadth_accel,382,445,0.008000000000000007,0.006000000000000005,0.0020000000000000018,0.4362249328556723,0.571182845528424
2,top500_dispersion_30d,363,427,0.34640777530176853,0.3007721500678454,0.045635625233923116,0.007448162485688223,0.037240812428441114
2,top500_dispersion_7d,377,440,0.16430048299589836,0.14710937265087365,0.017191110345024713,0.0014284297693602395,0.009585515557548975
2,top3_share,382,445,0.7160990748443798,0.7090227431474286,0.00707633169695121,0.019352455128985938,0.06579834743855219
2,top3_share_chg7,382,445,-0.0001310819273313557,-0.00033953207503933935,0.00020845014770798365,0.26537140907265533,0.4203087535001684
2,btc_return_30d,363,427,0.03489707960687993,0.009903567536778679,0.024993512070101254,0.001660450480977746,0.010997788899982475
2,btc_dominance,382,445,0.5276390746374011,0.5040616098824102,0.023577464754990896,0.005697857178826352,0.030269866262514995
2,btc_dom_chg30,382,445,0.0008077261137827696,5.5749377675939904e-05,0.0007519767361068297,0.4615812171970628,0.585588111369408
2,eth_btc_relative_return_30d,363,427,-0.006972390458241606,-0.007538826476065519,0.0005664360178239125,0.8442428321010228,0.8943133048009927
2,eth_btc_relative_return_7d,377,440,-0.0008614489463196762,0.0026022798996602203,-0.0034637288459798965,0.4859469413508095,0.6059485087748481
2,med_ret30_11_50,363,427,-4.3504874880861966e-05,-0.015352852513049686,0.015309347638168824,0.008741808750270457,0.04246021392988508
2,med_ret30_51_200,363,427,-0.0063401039942799775,-0.050667499478420086,0.04432739548414011,0.0023150238881114596,0.014398319304107858
2,med_ret30_201_500,363,427,-0.015882978184947105,-0.05474121388641795,0.038858235701470845,0.0010488070597274863,0.007429050006403028
2,rb_spread,377,440,1.0,1.0,0.0,0.7452631595250423,0.8209162232349279
2,pos_ret_share,382,445,0.473,0.378,0.09499999999999997,0.0072854215006271355,0.03678777193385979
2,pos_vel7_share,382,445,0.359,0.358,0.0010000000000000009,0.3734782942684861,0.5161848226871343
2,leadership_width,382,445,0.0,0.0,0.0,0.03989255759257441,0.10821917219262206
2,rank_depth_rel,363,427,-0.034964183673396154,-0.033890870383326555,-0.0010733132900695996,0.9960061351751676,0.9960061351751676
2,vol_med,373,437,0.05237187665165041,0.05067383525363027,0.001698041398020142,0.14824980091870357,0.27196905923934833
2,chain_tvl_med_chg7,382,445,0.02144678660975008,0.017741704912992873,0.0037050816967572064,0.24194520475459047,0.38981108724646873
2,stablecoin_change_7d,382,445,0.00804261861507738,0.006382831420930435,0.0016597871941469444,0.010061139683014884,0.04719475524838391
2,stablecoin_change_30d,382,445,0.03683574383588273,0.030101583500578677,0.006734160335304051,0.010979385594289221,0.04848068814495398
2,dex_volume_change_7d,382,445,-0.029274031814503776,-0.02699158224913445,-0.0022824495653693266,0.9484326424593462,0.9663282728135875
2,total_mcap_chg30,382,445,0.04675865556991732,0.019528580668917384,0.027230074900999934,0.0014179022217608117,0.009585515557548975
2,eth_share,382,445,0.14797665463348958,0.16093390149815584,-0.01295724686466626,0.10961107503493651,0.22183193757070485
2,n_stablecoins_in_top500,382,445,23.0,23.0,0.0,0.08313160412139439,0.18368190087894085
2,mkt_ret_1d,382,445,0.003239355775238463,0.0,0.003239355775238463,0.006157435307486138,0.032043795987938065
3,top500_breadth_30d,382,441,0.405,0.298,0.10700000000000004,0.003727405666355542,0.0211219654426814
3,top500_breadth_7d,382,441,0.515,0.396,0.119,2.2641109386873876e-05,0.00025102099537621035
3,breadth_vel,382,441,0.005999999999999998,-0.0040000000000000036,0.010000000000000002,0.00038632185220850663,0.0031778087842957805
3,breadth_accel,382,441,0.01100000000000001,0.0040000000000000036,0.007000000000000006,0.18561083748868323,0.31553842373076146
3,top500_dispersion_30d,360,426,0.3427817358895337,0.29970594067537104,0.04307579521416266,0.000821775127141827,0.006073990070178722
3,top500_dispersion_7d,377,436,0.16135902186742335,0.1410415257122147,0.020317496155208642,0.0001239112374619045,0.001128477341170916
3,top3_share,382,441,0.7145478263633593,0.7110391886855134,0.003508637677845927,0.052386952666297976,0.1278341907168037
3,top3_share_chg7,382,441,0.000588935355965714,-3.1667633471288426e-05,0.0006206029894370024,0.5290246394647428,0.6423870622071877
3,btc_return_30d,360,426,0.042357010518914495,0.010003766629232635,0.03235324388968186,5.3308252873934864e-05,0.0005437441793141357
3,btc_dominance,382,441,0.5254508830852374,0.5047619555603934,0.02068892752484397,0.011019114990236787,0.04848068814495398
3,btc_dom_chg30,382,441,-0.0015201604431102633,0.0001583106134019907,-0.001678471056512254,0.7092849132365034,0.7915433386227938
3,eth_btc_relative_return_30d,360,426,-0.007169115661351699,-0.010215579440156941,0.0030464637788052418,0.5120162478201138,0.6292247864777302
3,eth_btc_relative_return_7d,377,436,0.0038707541493332442,0.0016483300707215154,0.002222424078611729,0.5483042758237835,0.6595169355427584
3,med_ret30_11_50,360,426,0.010141849108110668,-0.023814469788183745,0.03395631889629441,0.0004350866349726097,0.0034670966224379838
3,med_ret30_51_200,360,426,-0.003438391299053767,-0.05104746100518026,0.047609069706126494,0.0002475606438173476,0.002134419309603396
3,med_ret30_201_500,360,426,-0.009554393544452283,-0.05331056664069614,0.043756173096243856,5.60990195919003e-05,0.000560990195919003
3,rb_spread,377,436,0.5,0.75,-0.25,0.6468081180791189,0.733049200489668
3,pos_ret_share,382,441,0.491,0.39,0.10099999999999998,0.00016025077301481716,0.0014338227059220482
3,pos_vel7_share,382,441,0.36,0.356,0.0040000000000000036,0.8452137508119185,0.8943133048009927
3,leadership_width,382,441,0.0,0.0,0.0,0.8892777244981862,0.9236896934706211
3,rank_depth_rel,360,426,-0.03272224263398166,-0.0332376111242135,0.0005153684902318434,0.4111489410930119,0.5532611080671136
3,vol_med,373,433,0.05215468345561047,0.051125038901154454,0.001029644554456019,0.3237664446463654,0.4735075055033296
3,chain_tvl_med_chg7,382,441,0.027926380960176855,0.017741704912992873,0.010184676047183983,0.08221982005212097,0.1831096429108371
3,stablecoin_change_7d,382,441,0.008090316438977507,0.006240350752714896,0.0018499656862626113,0.007814208006725092,0.03831967387913267
3,stablecoin_change_30d,382,441,0.037788228284172276,0.030212844385988813,0.007575383898183463,0.010689865612926047,0.04848068814495398
3,dex_volume_change_7d,382,441,0.014202675966930478,0.0009341950320875814,0.013268480934842897,0.2982280559819942,0.454715447118406
3,total_mcap_chg30,382,441,0.071798675552318,0.019528580668917384,0.05227009488340062,3.9248118925207356e-05,0.00041701126358032815
3,eth_share,382,441,0.14795171773212742,0.16093390149815584,-0.012982183766028416,0.159113576036905,0.2859809671499591
3,n_stablecoins_in_top500,382,441,23.0,23.0,0.0,0.10870897496852666,0.22088277782449642
3,mkt_ret_1d,382,441,0.003248949790445794,-0.000675679759467568,0.003924629549913362,9.050850871810664e-05,0.0008709309329478186
5,top500_breadth_30d,379,442,0.396,0.267,0.129,0.00048611685170132663,0.003814147605656563
5,top500_breadth_7d,379,442,0.566,0.352,0.21399999999999997,2.964655485697654e-11,5.039914325686012e-09
5,breadth_vel,379,442,0.005999999999999978,-0.016000000000000014,0.021999999999999992,2.9392949777200613e-06,4.542546783749185e-05
5,breadth_accel,379,442,0.006000000000000005,-0.015,0.021000000000000005,0.003506703039967405,0.02032293807253837
5,top500_dispersion_30d,361,430,0.3453753372160937,0.30027639764774083,0.04509893956835287,0.0026816522961640313,0.01608991377698419
5,top500_dispersion_7d,377,437,0.1647982383166231,0.14291824273132805,0.021879995585295048,6.258795172255501e-06,8.275660715714656e-05
5,top3_share,379,442,0.7145235577851925,0.7125168705653373,0.0020066872198551966,0.1268471733201362,0.24320322704236638
5,top3_share_chg7,379,442,-0.00038515413938378096,0.0002719082190242861,-0.000657062358408067,0.695797781662409,0.778826557445903
5,btc_return_30d,361,430,0.037926727051277975,0.00237105917273428,0.035555667878543695,8.049200012703718e-06,0.00010178282551359036
5,btc_dominance,379,442,0.5136718701286246,0.5044143678275704,0.009257502301054155,0.02047606069730325,0.0682535356576775
5,btc_dom_chg30,379,442,0.00039625284881361633,0.0006581930204433983,-0.000261940171629782,0.9492754209404065,0.9663282728135875
5,eth_btc_relative_return_30d,361,430,-0.002665461156319271,-0.008083860507650642,0.005418399351331371,0.5787769516291782,0.6832783456733353
5,eth_btc_relative_return_7d,377,437,0.007308127462811953,-0.00496545432801665,0.012273581790828603,0.004316058462538509,0.02392597625972434
5,med_ret30_11_50,361,430,0.003803975888885036,-0.030776271730457383,0.03458024761934242,7.45784944333617e-05,0.0007314429261733551
5,med_ret30_51_200,361,430,-0.011309899647105659,-0.06884505398782498,0.05753515434071932,1.9099251604485403e-05,0.0002213776890519899
5,med_ret30_201_500,361,430,-0.010948163821749568,-0.06447536985427274,0.05352720603252317,6.328446429664149e-06,8.275660715714656e-05
5,rb_spread,377,437,1.0,0.5,0.5,0.9384016702797833,0.9619808522402429
5,pos_ret_share,379,442,0.49,0.423,0.067,0.00041153691099920223,0.003331489279517351
5,pos_vel7_share,379,442,0.358,0.358,0.0,0.5808241517469755,0.6841115875079851
5,leadership_width,379,442,0.0,0.0,0.0,0.1731736797586526,0.30368024190642484
5,rank_depth_rel,361,430,-0.034353814092545176,-0.03253803047844267,-0.0018157836141025063,0.7289858613898674,0.8082234550192008
5,vol_med,370,435,0.05212603098117416,0.05081090900054778,0.0013151219806263811,0.29868563683267846,0.454715447118406
5,chain_tvl_med_chg7,379,442,0.02737333908885997,0.009127186618793859,0.018246152470066113,0.00010021685148645708,0.0009464924862609836
5,stablecoin_change_7d,379,442,0.008145795776803189,0.0063734407780710045,0.001772354998732184,0.003860751041762481,0.021637176168119398
5,stablecoin_change_30d,379,442,0.036477902652378935,0.029773956013323555,0.00670394663905538,0.005216053578412086,0.028299865159469823
5,dex_volume_change_7d,379,442,0.00814147395006004,-0.016168258736806607,0.024309732686866647,0.7815150041560064,0.8498350791461904
5,total_mcap_chg30,379,442,0.06120827893442704,0.008369957084301105,0.052838321850125936,1.1813994826747222e-05,0.00014011947352653682
5,eth_share,379,442,0.14864387031571655,0.16054255279234217,-0.011898682476625622,0.5703528194314353,0.6812176531850866
5,n_stablecoins_in_top500,379,442,23.0,23.0,0.0,0.030126011548014312,0.08984950812565673
5,mkt_ret_1d,379,442,0.004317973330504856,-0.00019420968614711472,0.004512183016651971,0.0002407448110463285,0.002116894028165992
7,top500_breadth_30d,382,444,0.422,0.272,0.14999999999999997,4.97922076848153e-06,7.053896088682168e-05
7,top500_breadth_7d,382,444,0.514,0.266,0.248,2.672023159721402e-15,1.362731811457915e-12
7,breadth_vel,382,444,0.009000000000000001,-0.005999999999999998,0.015,0.00031342212072396944,0.0026204144519544987
7,breadth_accel,382,444,0.006000000000000005,-2.7755575615628914e-17,0.006000000000000033,0.3678093642153968,0.5123900174889151
7,top500_dispersion_30d,365,431,0.35095040088888424,0.3007721500678454,0.05017825082103883,0.00010561422630358791,0.0009793319166332697
7,top500_dispersion_7d,382,444,0.1650037696189915,0.1414010317181739,0.0236027379008176,5.23527910413473e-06,7.216195521915437e-05
7,top3_share,382,444,0.7137549661514568,0.7133074548071104,0.0004475113443463963,0.234734657759468,0.3812569282080531
7,top3_share_chg7,382,444,-0.001149460590155249,0.0009666086517944317,-0.0021160692419496807,0.02702912849677396,0.08291812317995154
7,btc_return_30d,365,431,0.04347640791156926,-0.006693415501102029,0.05016982341267129,2.0651823928830663e-07,7.523164431216885e-06
7,btc_dominance,382,444,0.512781448091165,0.504150559498937,0.008630888592228048,0.048295053742912604,0.12253968860142005
7,btc_dom_chg30,382,444,0.00033854202982991355,-4.824430090960563e-05,0.0003867863307395192,0.624497549221228,0.7125139823329447
7,eth_btc_relative_return_30d,365,431,-0.0033232811688257424,-0.011300535571635018,0.007977254402809275,0.4531227351235736,0.583567158871269
7,eth_btc_relative_return_7d,382,444,0.0029318164647235134,-0.009260318220863262,0.012192134685586775,0.010265134372989274,0.047592895729313904
7,med_ret30_11_50,365,431,0.01175901061898399,-0.035795863994741994,0.047554874613725984,6.08276985086786e-07,1.2408850495770433e-05
7,med_ret30_51_200,365,431,0.0009647780772881198,-0.06624268601621752,0.06720746409350564,1.515997581179041e-07,6.862364200450835e-06
7,med_ret30_201_500,365,431,-0.005382633768198253,-0.0632884169960306,0.05790578322783235,4.0392025933972885e-08,2.931397722059605e-06
7,rb_spread,382,444,1.0,0.5,0.5,0.1915597283769499,0.3245696394426726
7,pos_ret_share,382,444,0.484,0.39,0.09399999999999997,0.005959266810347648,0.0313322275595598
7,pos_vel7_share,382,444,0.356,0.368,-0.01200000000000001,0.013972852684054772,0.05655678467355503
7,leadership_width,382,444,0.0,0.0,0.0,0.45814358122109533,0.585588111369408
7,rank_depth_rel,365,431,-0.032557821740121784,-0.03190487404459097,-0.0006529476955308144,0.8206047163108133,0.8810703269863469
7,vol_med,373,437,0.05156568666383709,0.05002663513129413,0.0015390515325429607,0.4296256773528129,0.5661733732556449
7,chain_tvl_med_chg7,382,444,0.030500276641181934,0.005703045700349019,0.024797230940832915,3.5898445402519394e-10,4.577051788821223e-08
7,stablecoin_change_7d,382,444,0.008217692165356172,0.006442997570959452,0.0017746945943967196,0.0032360708439985023,0.018970070464818807
7,stablecoin_change_30d,382,444,0.036937627530081785,0.031162930290907997,0.005774697239173787,0.006632202682714071,0.034165892607920974
7,dex_volume_change_7d,382,444,0.013138118341768146,0.01040215710522796,0.0027359612365401853,0.3019071552937974,0.45554038224803756
7,total_mcap_chg30,382,444,0.0741385990076383,0.005871548148716155,0.06826705085892215,1.6146739295178437e-07,6.862364200450835e-06
7,eth_share,382,444,0.14820954152277455,0.16068833234632257,-0.012478790823548025,0.47895889301574035,0.6031334208346361
7,n_stablecoins_in_top500,382,444,23.0,23.0,0.0,0.02313462589135224,0.07279814904614822
7,mkt_ret_1d,382,444,0.004231227578150755,-0.001079620707366635,0.00531084828551739,0.0008747833043240148,0.006373421217217822
10,top500_breadth_30d,379,440,0.436,0.271,0.16499999999999998,1.965626543438043e-05,0.00022277100825631154
10,top500_breadth_7d,379,440,0.486,0.301,0.185,3.8635934757114266e-07,1.0946848181182375e-05
10,breadth_vel,379,440,0.0020000000000000018,-0.0020000000000000018,0.0040000000000000036,0.21666232764009774,0.3580069193032541
10,breadth_accel,379,440,0.0,0.017999999999999974,-0.017999999999999974,0.024183122224263127,0.0752036117949646
10,top500_dispersion_30d,367,429,0.36108097501299274,0.2991185318852484,0.06196244312774435,0.0002511081540709878,0.002134419309603396
10,top500_dispersion_7d,376,432,0.15878756667201233,0.14118920677454466,0.017598359897467664,3.1579688978831497e-05,0.00034267322083412897
10,top3_share,379,440,0.7146863545260959,0.7135564552276458,0.0011298992984500877,0.30168504350049374,0.45554038224803756
10,top3_share_chg7,379,440,-0.0007533157240955379,0.00029148293243491663,-0.0010447986565304546,0.13954787985318512,0.25983549192104693
10,btc_return_30d,367,429,0.056235502278481286,0.0009668902784114586,0.05526861200006983,6.068754466545548e-07,1.2408850495770433e-05
10,btc_dominance,379,440,0.5131252980512735,0.5048712296417581,0.00825406840951537,0.038959308806779946,0.10631635908630876
10,btc_dom_chg30,379,440,-0.001567957295397604,0.000972971576845838,-0.002540928872243442,0.9227126782102186,0.9506736684590131
10,eth_btc_relative_return_30d,367,429,0.0007531337972622731,-0.010668110239378525,0.011421244036640799,0.4607913553347448,0.585588111369408
10,eth_btc_relative_return_7d,376,432,0.001059496339102295,-0.0047158339144088846,0.0057753302535111795,0.13406579849140995,0.2551252135470861
10,med_ret30_11_50,367,429,0.017760797477992418,-0.027392236692573457,0.045153034170565876,4.498934992557796e-07,1.1313611315407827e-05
10,med_ret30_51_200,367,429,0.00022575476303998698,-0.06487717387240621,0.0651029286354462,5.346365571671065e-07,1.2393847461601104e-05
10,med_ret30_201_500,367,429,-0.0011630688296779823,-0.06274288770785841,0.061579818878180426,3.4574807630209106e-07,1.0372442289062732e-05
10,rb_spread,376,432,1.0,0.5,0.5,0.015108766873245492,0.05927285465657847
10,pos_ret_share,379,440,0.484,0.432,0.05199999999999999,0.47646286090102097,0.602967888485163
10,pos_vel7_share,379,440,0.356,0.362,-0.006000000000000005,0.11441834482900551,0.22794279633903441
10,leadership_width,379,440,0.0,0.0,0.0,0.9597173923458205,0.9738115947477078
10,rank_depth_rel,367,429,-0.0343890421434877,-0.03190487404459097,-0.002484168098896733,0.4566661261676028,0.585588111369408
10,vol_med,373,433,0.05149263911817995,0.04922098603668708,0.0022716530814928734,0.17727527293894907,0.3075183306083811
10,chain_tvl_med_chg7,379,440,0.024498000662935393,-0.005738251052333054,0.030236251715268447,5.384975217880414e-12,1.3731686805595056e-09
10,stablecoin_change_7d,379,440,0.007637491881994585,0.005502826580303433,0.002134665301691152,0.0009549443749038838,0.00685945959438001
10,stablecoin_change_30d,379,440,0.03572374573725767,0.02860541724114718,0.007118328496110493,0.0022959801656643936,0.014398319304107858
10,dex_volume_change_7d,379,440,0.03608134496956206,0.007623808197713022,0.028457536771849035,0.0890846247488832,0.19170109123177398
10,total_mcap_chg30,379,440,0.07532566178976552,0.001063641321408959,0.07426202046835656,1.3827951589231806e-07,6.862364200450835e-06
10,eth_share,379,440,0.14622155052027597,0.15846591368724033,-0.012244363166964367,0.678447777710218,0.7638153788790535
10,n_stablecoins_in_top500,379,440,22.0,24.0,-2.0,0.010649380833718037,0.04848068814495398
10,mkt_ret_1d,379,440,0.0032314445117052476,3.498133773910204e-05,0.0031964631739661454,0.20420318034381213,0.34265500646973646
14,top500_breadth_30d,374,436,0.42,0.292,0.128,1.8980702270358005e-06,3.025049424338307e-05
14,top500_breadth_7d,374,436,0.43,0.402,0.02799999999999997,0.4179327433966378,0.5569082005143087
14,breadth_vel,374,436,0.0020000000000000018,-0.0020000000000000018,0.0040000000000000036,0.500402833857386,0.6194306923962788
14,breadth_accel,374,436,0.0,0.010000000000000009,-0.010000000000000009,0.31865354268806945,0.4688226618208299
14,top500_dispersion_30d,364,423,0.3774754786451463,0.30645321698184336,0.07102226166330294,3.851723381001416e-06,5.6125112123163485e-05
14,top500_dispersion_7d,373,433,0.15885807331788013,0.1437428423713263,0.015115230946553815,0.0005450893036856427,0.004212053710298148
14,top3_share,374,436,0.7144668757664868,0.7142480352135399,0.00021884055294696392,0.4367868818746772,0.571182845528424
14,top3_share_chg7,374,436,-8.503420136335427e-05,-1.0742204241187547e-05,-7.429199712216672e-05,0.42166474170841484,0.5571218089929834
14,btc_return_30d,364,423,0.05343950065239178,0.008871927094610488,0.04456757355778129,7.182604270902333e-07,1.3567141400593297e-05
14,btc_dominance,374,436,0.5128857222502133,0.5055506336149052,0.0073350886353081846,0.11609513058097821,0.22949037440425926
14,btc_dom_chg30,374,436,0.00021357082388301363,0.0009657986185648282,-0.0007522277946818146,0.6220364565967271,0.7112972934177821
14,eth_btc_relative_return_30d,364,423,0.006162455269638545,-0.005145799010801588,0.011308254280440133,0.46140503096078267,0.585588111369408
14,eth_btc_relative_return_7d,373,433,-0.005960602835149098,-0.002913387732081274,-0.003047215103067824,0.7661921912468487,0.8375524850390473
14,med_ret30_11_50,364,423,0.0033350702213030825,-0.0273661635982263,0.030701233819529383,8.701599906996566e-07,1.5849342687743745e-05
14,med_ret30_51_200,364,423,-0.0021477042247103895,-0.06127232220814505,0.05912461798343466,1.005128708081625e-06,1.7087188037387626e-05
14,med_ret30_201_500,364,423,-0.005917182923925984,-0.05355127406703264,0.047634091143106655,2.0431044882550594e-07,7.523164431216885e-06
14,rb_spread,373,433,1.0,1.0,0.0,0.005624051423129021,0.030192276061008428
14,pos_ret_share,374,436,0.456,0.446,0.010000000000000009,0.2777048566665694,0.43099373503775906
14,pos_vel7_share,374,436,0.358,0.368,-0.010000000000000009,0.13573804429411726,0.2570536596743307
14,leadership_width,374,436,0.0,0.0,0.0,0.4193191156813618,0.5569082005143087
14,rank_depth_rel,364,423,-0.03296940448489913,-0.03190487404459097,-0.001064530440308159,0.41822939446611895,0.5569082005143087
14,vol_med,372,431,0.0521652803766047,0.04927494445851632,0.002890335918088377,0.1781120772448187,0.307922574219856
14,chain_tvl_med_chg7,374,436,0.015025601852156623,-0.0016155946640140084,0.01664119651617063,0.0013008029830625183,0.009021646256764078
14,stablecoin_change_7d,374,436,0.006994492942912323,0.006343538023594331,0.000650954919317992,0.03358316157104619,0.09843340460479055
14,stablecoin_change_30d,374,436,0.03388084443793593,0.026867334622338257,0.007013509815597674,0.0028380314309910644,0.016830186393086543
14,dex_volume_change_7d,374,436,0.060364972723625177,-0.01635175552093343,0.07671672824455861,0.0020536854316544036,0.0134279432069711
14,total_mcap_chg30,374,436,0.06794638823714472,0.0067465323593726145,0.0611998558777721,3.075269873592433e-08,2.931397722059605e-06
14,eth_share,374,436,0.14947695811706674,0.16166672028677054,-0.0121897621697038,0.6177858233064795,0.7080242019916956
14,n_stablecoins_in_top500,374,436,22.5,24.0,-1.5,0.011346082796444116,0.04903815445920762
14,mkt_ret_1d,374,436,0.004093720642360524,0.0014905318027017866,0.002603188839658737,0.14904824049564203,0.272453772949023
21,top500_breadth_30d,373,431,0.396,0.29,0.10600000000000004,3.5706494796019336e-06,5.355974219402901e-05
21,top500_breadth_7d,373,431,0.43,0.396,0.033999999999999975,0.5893752608831877,0.6909916851733925
21,breadth_vel,373,431,0.0,-0.005999999999999998,0.005999999999999998,0.7835722394280696,0.850259238528331
21,breadth_accel,373,431,0.013999999999999999,0.008000000000000118,0.00599999999999988,0.4402464157211263,0.5713121425388662
21,top500_dispersion_30d,367,420,0.3772076791368727,0.3046289166537479,0.07257876248312478,2.4262247603816415e-07,8.249164185297582e-06
21,top500_dispersion_7d,369,426,0.16809063916655295,0.14341036873400986,0.02468027043254309,8.18254087462197e-06,0.00010178282551359036
21,top3_share,373,431,0.7145152749395456,0.714811563312895,-0.00029628837334938485,0.42066208901067936,0.5571218089929834
21,top3_share_chg7,373,431,-0.0010763979439643023,0.0006712929700583015,-0.0017476909140226038,0.03495540323891111,0.10015312163957678
21,btc_return_30d,367,420,0.037815561739899195,-0.0008121019558384179,0.03862766369573761,4.5862925880434376e-05,0.0004773488203881945
21,btc_dominance,373,431,0.5105240933732081,0.5039618371939655,0.006562256179242665,0.07837182690726552,0.17685677753409476
21,btc_dom_chg30,373,431,-0.00043345141986461666,0.0006684453081594044,-0.001101896728024021,0.06698542996475514,0.1559934670412106
21,eth_btc_relative_return_30d,367,420,-0.004171793192470075,0.0001806290399366528,-0.004352422232406727,0.8029208075933147,0.864849367996327
21,eth_btc_relative_return_7d,369,426,-0.006720322784155686,-0.0013442909838252692,-0.005376031800330416,0.3904793029539193,0.5310518520173302
21,med_ret30_11_50,367,420,0.0003116911290901303,-0.022741254637708014,0.023052945766798144,2.980948008020402e-07,9.50177177556503e-06
21,med_ret30_51_200,367,420,-0.0063401039942799775,-0.05663897528149972,0.05029887128721974,9.963081831519787e-07,1.7087188037387626e-05
21,med_ret30_201_500,367,420,-0.01388043788925708,-0.056363419305547696,0.042482981416290616,4.4877571202786e-07,1.1313611315407827e-05
21,rb_spread,369,426,1.0,1.0,0.0,0.0476740735546882,0.12233616480299489
21,pos_ret_share,373,431,0.478,0.5,-0.02200000000000002,0.3249561312277752,0.4735075055033296
21,pos_vel7_share,373,431,0.356,0.362,-0.006000000000000005,0.027877267737464264,0.08412666595329453
21,leadership_width,373,431,0.0,0.0,0.0,0.3301465872372562,0.4769823215042512
21,rank_depth_rel,367,420,-0.032107677286310476,-0.031925279805499196,-0.0001823974808112805,0.6042412438002118,0.7003705325866091
21,vol_med,373,430,0.05106418170274907,0.05020531540522152,0.0008588662975275441,0.269865094118274,0.424787648149135
21,chain_tvl_med_chg7,373,431,0.011764945293869955,0.0020884599372310575,0.009676485356638898,0.1592521464129184,0.2859809671499591
21,stablecoin_change_7d,373,431,0.007647137420358163,0.005136793957430719,0.0025103434629274446,0.011122040221489443,0.04848068814495398
21,stablecoin_change_30d,373,431,0.032194608993103335,0.02694894773999912,0.005245661253104217,0.0026607497163014015,0.01608991377698419
21,dex_volume_change_7d,373,431,-0.016168258736806607,0.026991118764781552,-0.04315937750158816,0.07795982338985849,0.17670893301701257
21,total_mcap_chg30,373,431,0.05158421457555451,0.0029358859159971384,0.04864832865955737,1.5977889703014135e-06,2.628620564044261e-05
21,eth_share,373,431,0.1495261050698514,0.16323000471419988,-0.013703899644348483,0.31885719922476863,0.4688226618208299
21,n_stablecoins_in_top500,373,431,23.0,24.0,-1.0,0.015825009097776562,0.06063539497864351
21,mkt_ret_1d,373,431,0.002323322379928782,0.0038045560083288348,-0.0014812336284000527,0.5177766881525494,0.6332520646470029
30,top500_breadth_30d,375,428,0.376,0.243,0.133,5.947767848360113e-07,1.2408850495770433e-05
30,top500_breadth_7d,375,428,0.466,0.397,0.069,0.14305454936603815,0.2653011642788344
30,breadth_vel,375,428,-0.013999999999999957,-0.01200000000000001,-0.0019999999999999463,0.8633252143840836,0.9059585583042853
30,breadth_accel,375,428,-0.0040000000000000036,-0.01199999999999998,0.007999999999999976,0.2666668131729,0.42105286290457894
30,top500_dispersion_30d,375,428,0.37234811666405854,0.29558757533447,0.07676054132958854,3.555435644319976e-08,2.931397722059605e-06
30,top500_dispersion_7d,367,419,0.16675702795667738,0.14265620770496235,0.024100820251715033,0.0007962807474762635,0.005972105606071977
30,top3_share,375,428,0.7126325968984519,0.7142350428932029,-0.0016024459947510117,0.9457830129472559,0.9663282728135875
30,top3_share_chg7,375,428,-0.0021849028701791395,-0.00039601575076564366,-0.0017888871194134959,0.04773509175646271,0.12233616480299489
30,btc_return_30d,375,428,0.03498676023734171,-0.006562368963383247,0.041549129200724955,1.163966195806214e-05,0.00014011947352653682
30,btc_dominance,375,428,0.5101429917104444,0.5051390785660419,0.0050039131444025164,0.3433983740680673,0.48525981737770074
30,btc_dom_chg30,375,428,-0.003057871217943209,0.0009457165396939415,-0.00400358775763715,0.0021086935326530935,0.013594874218184776
30,eth_btc_relative_return_30d,375,428,0.0006676156124241217,-0.018723229952670284,0.019390845565094406,0.03326762341143446,0.09807218462330389
30,eth_btc_relative_return_7d,367,419,0.0004929541895102307,-0.008434765982187287,0.008927720171697517,0.02244109769210468,0.07279814904614822
30,med_ret30_11_50,375,428,-5.787361736947494e-05,-0.044613083418560406,0.04455520980119093,4.598270936564086e-08,2.931397722059605e-06
30,med_ret30_51_200,375,428,-0.021732290523903686,-0.09579892306634658,0.07406663254244289,8.180037725355665e-08,4.635354711034877e-06
30,med_ret30_201_500,375,428,-0.028224033361079037,-0.08381977581328157,0.05559574245220253,6.683582448059059e-07,1.3110104032731231e-05
30,rb_spread,367,419,1.0,1.0,0.0,0.5598766948564657,0.6718520338277588
30,pos_ret_share,375,428,0.46,0.448,0.01200000000000001,0.21761204898825248,0.3580069193032541
30,pos_vel7_share,375,428,0.356,0.364,-0.008000000000000007,0.042136433265221526,0.11251089510608889
30,leadership_width,375,428,0.0,0.0,0.0,0.3120638300115226,0.46693107594086775
30,rank_depth_rel,375,428,-0.034775521538245036,-0.029626306299125577,-0.005149215239119459,0.16260773576811116,0.28880354875450454
30,vol_med,372,426,0.050567802679116605,0.05039014154449274,0.00017766113462386324,0.22621620599022052,0.36977649056093737
30,chain_tvl_med_chg7,375,428,0.023184480709294686,0.003517218072287165,0.01966726263700752,0.0021325292891270237,0.013594874218184776
30,stablecoin_change_7d,375,428,0.007442178758081397,0.004992172555099983,0.002450006202981414,0.0024632170677709704,0.01513543017546018
30,stablecoin_change_30d,375,428,0.03388084443793593,0.025026706652047648,0.008854137785888283,0.000651266928403728,0.004957404977401512
30,dex_volume_change_7d,375,428,0.03798661469709241,-0.04391008702415522,0.08189670172124763,0.010086722200144796,0.04719475524838391
30,total_mcap_chg30,375,428,0.058228207017317235,0.0034057401181067926,0.05482246689921044,4.658545835756164e-07,1.1313611315407827e-05
30,eth_share,375,428,0.15438063737242422,0.16075379002977802,-0.006373152657353803,0.48554315619044197,0.6059485087748481
30,n_stablecoins_in_top500,375,428,22.0,24.0,-2.0,0.0013090231823540035,0.009021646256764078
30,mkt_ret_1d,375,428,0.00274372997347532,0.000289436415282482,0.002454293558192838,0.12962328863894826,0.24759504571484497
