regime,policy_id,f_pct,return,risk,status
historical_50,H0,0.25,0.1449323736067707,0.013198151272005961,NON_DOMINATED
historical_50,H1-1.00-REJ,0.25,0.1438100356026324,0.013198151272005992,DOMINATED
historical_50,H1-1.50-REJ,0.25,0.1449323736067707,0.013198151272005961,NON_DOMINATED
historical_50,H1-2.00-REJ,0.25,0.1449323736067707,0.013198151272005961,NON_DOMINATED
historical_50,H1-3.00-REJ,0.25,0.1449323736067707,0.013198151272005961,NON_DOMINATED
historical_50,H1-1.00-SCA,0.25,0.1438100356026324,0.013198151272005992,DOMINATED
historical_50,H1-1.50-SCA,0.25,0.1449323736067707,0.013198151272005961,NON_DOMINATED
historical_50,H1-2.00-SCA,0.25,0.1449323736067707,0.013198151272005961,NON_DOMINATED
historical_50,H2-1.00-REJ,0.25,0.14372585002818283,0.013198151272006573,DOMINATED
historical_50,H2-1.50-REJ,0.25,0.1449323736067707,0.013198151272005961,NON_DOMINATED
historical_50,H2-2.00-REJ,0.25,0.1449323736067707,0.013198151272005961,NON_DOMINATED
historical_50,H2-1.00-SCA,0.25,0.14372585002818283,0.013198151272006573,DOMINATED
historical_50,H2-1.50-SCA,0.25,0.1449323736067707,0.013198151272005961,NON_DOMINATED
historical_50,H3-0.50-REJ,0.25,0.13051763164635188,0.013198151272006584,DOMINATED
historical_50,H3-0.75-REJ,0.25,0.13051763164635188,0.013198151272006584,DOMINATED
historical_50,H3-1.00-REJ,0.25,0.14410260205337044,0.013198151272005664,DOMINATED
historical_50,H3-0.50-SCA,0.25,0.13051763164635188,0.013198151272006584,DOMINATED
historical_50,H3-0.75-SCA,0.25,0.13729636731429307,0.01319815127200638,DOMINATED
historical_50,H4-1.00-REJ,0.25,0.11359341033413006,0.013767097826958308,DOMINATED
historical_50,H4-1.50-REJ,0.25,0.12785876618589032,0.013198151272006636,DOMINATED
historical_50,H4-2.00-REJ,0.25,0.13543845776303898,0.013198151272006128,DOMINATED
historical_50,H4-3.00-REJ,0.25,0.14465982034625147,0.013198151272005925,DOMINATED
historical_50,H4-1.00-SCA,0.25,0.11359341033413006,0.013767097826958308,DOMINATED
historical_50,H4-1.50-SCA,0.25,0.12785876618589032,0.013198151272006636,DOMINATED
historical_50,H5-1.50-REJ,0.25,0.14372585002818283,0.013198151272006573,DOMINATED
historical_50,H5-1.50-SCA,0.25,0.14372585002818283,0.013198151272006573,DOMINATED
historical_50,H5-2.00-REJ,0.25,0.1449323736067707,0.013198151272005961,NON_DOMINATED
historical_50,H5-2.00-SCA,0.25,0.1449323736067707,0.013198151272005961,NON_DOMINATED
historical_50,H0,0.5,0.3100738151229663,0.02624420189590232,NON_DOMINATED
historical_50,H1-1.00-REJ,0.5,0.3075218069483572,0.026244201895902736,DOMINATED
historical_50,H1-1.50-REJ,0.5,0.3100738151229663,0.02624420189590232,NON_DOMINATED
historical_50,H1-2.00-REJ,0.5,0.3100738151229663,0.02624420189590232,NON_DOMINATED
historical_50,H1-3.00-REJ,0.5,0.3100738151229663,0.02624420189590232,NON_DOMINATED
historical_50,H1-1.00-SCA,0.5,0.3075218069483572,0.026244201895902736,DOMINATED
historical_50,H1-1.50-SCA,0.5,0.3100738151229663,0.02624420189590232,NON_DOMINATED
historical_50,H1-2.00-SCA,0.5,0.3100738151229663,0.02624420189590232,NON_DOMINATED
historical_50,H2-1.00-REJ,0.5,0.3073265591571406,0.026244201895902174,DOMINATED
historical_50,H2-1.50-REJ,0.5,0.3100738151229663,0.02624420189590232,NON_DOMINATED
historical_50,H2-2.00-REJ,0.5,0.3100738151229663,0.02624420189590232,NON_DOMINATED
historical_50,H2-1.00-SCA,0.5,0.3073265591571406,0.026244201895902174,DOMINATED
historical_50,H2-1.50-SCA,0.5,0.3100738151229663,0.02624420189590232,NON_DOMINATED
historical_50,H3-0.50-REJ,0.5,0.27739970123997737,0.02624420189590209,DOMINATED
historical_50,H3-0.75-REJ,0.5,0.27739970123997737,0.02624420189590209,DOMINATED
historical_50,H3-1.00-REJ,0.5,0.3081806163181986,0.026244201895902097,DOMINATED
historical_50,H3-0.50-SCA,0.5,0.27739970123997737,0.02624420189590209,DOMINATED
historical_50,H3-0.75-SCA,0.5,0.2927282340442179,0.026244201895901854,DOMINATED
historical_50,H4-1.00-REJ,0.5,0.2395024395486407,0.027414306634077727,DOMINATED
historical_50,H4-1.50-REJ,0.5,0.2713760671662775,0.02624420189590247,DOMINATED
historical_50,H4-2.00-REJ,0.5,0.28849042258765323,0.026244201895902187,DOMINATED
historical_50,H4-3.00-REJ,0.5,0.30945782927964216,0.02624420189590225,DOMINATED
historical_50,H4-1.00-SCA,0.5,0.2395024395486407,0.027414306634077727,DOMINATED
historical_50,H4-1.50-SCA,0.5,0.2713760671662775,0.02624420189590247,DOMINATED
historical_50,H5-1.50-REJ,0.5,0.3073265591571406,0.026244201895902174,DOMINATED
historical_50,H5-1.50-SCA,0.5,0.3073265591571406,0.026244201895902174,DOMINATED
historical_50,H5-2.00-REJ,0.5,0.3100738151229663,0.02624420189590232,NON_DOMINATED
historical_50,H5-2.00-SCA,0.5,0.3100738151229663,0.02624420189590232,NON_DOMINATED
historical_50,H0,0.75,0.49812500710128815,0.03913960184532473,NON_DOMINATED
historical_50,H1-1.00-REJ,0.75,0.49377562069962866,0.039139601845324404,DOMINATED
historical_50,H1-1.50-REJ,0.75,0.49812500710128815,0.03913960184532473,NON_DOMINATED
historical_50,H1-2.00-REJ,0.75,0.49812500710128815,0.03913960184532473,NON_DOMINATED
historical_50,H1-3.00-REJ,0.75,0.49812500710128815,0.03913960184532473,NON_DOMINATED
historical_50,H1-1.00-SCA,0.75,0.49377562069962866,0.039139601845324404,DOMINATED
historical_50,H1-1.50-SCA,0.75,0.49812500710128815,0.03913960184532473,NON_DOMINATED
historical_50,H1-2.00-SCA,0.75,0.49812500710128815,0.03913960184532473,NON_DOMINATED
historical_50,H2-1.00-REJ,0.75,0.4934362797919756,0.03913960184532454,DOMINATED
historical_50,H2-1.50-REJ,0.75,0.49812500710128815,0.03913960184532473,NON_DOMINATED
historical_50,H2-2.00-REJ,0.75,0.49812500710128815,0.03913960184532473,NON_DOMINATED
historical_50,H2-1.00-SCA,0.75,0.4934362797919756,0.03913960184532454,DOMINATED
historical_50,H2-1.50-SCA,0.75,0.49812500710128815,0.03913960184532473,NON_DOMINATED
historical_50,H3-0.50-REJ,0.75,0.4426089393922099,0.039139601845325514,DOMINATED
historical_50,H3-0.75-REJ,0.75,0.4426089393922099,0.039139601845325514,DOMINATED
historical_50,H3-1.00-REJ,0.75,0.4948873307518131,0.039139601845324744,DOMINATED
historical_50,H3-0.50-SCA,0.75,0.4426089393922099,0.039139601845325514,DOMINATED
historical_50,H3-0.75-SCA,0.75,0.468591352539826,0.039139601845324494,DOMINATED
historical_50,H4-1.00-REJ,0.75,0.3789940073483613,0.040941410573905504,DOMINATED
historical_50,H4-1.50-REJ,0.75,0.43237967325254845,0.03913960184532441,DOMINATED
historical_50,H4-2.00-REJ,0.75,0.4613458206687977,0.03913960184532484,DOMINATED
historical_50,H4-3.00-REJ,0.75,0.497081675896361,0.0391396018453246,DOMINATED
historical_50,H4-1.00-SCA,0.75,0.3789940073483613,0.040941410573905504,DOMINATED
historical_50,H4-1.50-SCA,0.75,0.43237967325254845,0.03913960184532441,DOMINATED
historical_50,H5-1.50-REJ,0.75,0.4934362797919756,0.03913960184532454,DOMINATED
historical_50,H5-1.50-SCA,0.75,0.4934362797919756,0.03913960184532454,DOMINATED
historical_50,H5-2.00-REJ,0.75,0.49812500710128815,0.03913960184532473,NON_DOMINATED
historical_50,H5-2.00-SCA,0.75,0.49812500710128815,0.03913960184532473,NON_DOMINATED
historical_50,H0,1.0,0.7121308579330468,0.051885791127356445,NON_DOMINATED
historical_50,H1-1.00-REJ,1.0,0.7055459797175025,0.0518857911273565,DOMINATED
historical_50,H1-1.50-REJ,1.0,0.7121308579330468,0.051885791127356445,NON_DOMINATED
historical_50,H1-2.00-REJ,1.0,0.7121308579330468,0.051885791127356445,NON_DOMINATED
historical_50,H1-3.00-REJ,1.0,0.7121308579330468,0.051885791127356445,NON_DOMINATED
historical_50,H1-1.00-SCA,1.0,0.7055459797175025,0.0518857911273565,DOMINATED
historical_50,H1-1.50-SCA,1.0,0.7121308579330468,0.051885791127356445,NON_DOMINATED
historical_50,H1-2.00-SCA,1.0,0.7121308579330468,0.051885791127356445,NON_DOMINATED
historical_50,H2-1.00-REJ,1.0,0.7050221653015412,0.05188579112735619,DOMINATED
historical_50,H2-1.50-REJ,1.0,0.7121308579330468,0.051885791127356445,NON_DOMINATED
historical_50,H2-2.00-REJ,1.0,0.7121308579330468,0.051885791127356445,NON_DOMINATED
historical_50,H2-1.00-SCA,1.0,0.7050221653015412,0.05188579112735619,DOMINATED
historical_50,H2-1.50-SCA,1.0,0.7121308579330468,0.051885791127356445,NON_DOMINATED
historical_50,H3-0.50-REJ,1.0,0.628332056490881,0.05188579112735575,DOMINATED
historical_50,H3-0.75-REJ,1.0,0.628332056490881,0.05188579112735575,DOMINATED
historical_50,H3-1.00-REJ,1.0,0.7072120866425298,0.05188579112735596,DOMINATED
historical_50,H3-0.50-SCA,1.0,0.628332056490881,0.05188579112735575,DOMINATED
historical_50,H3-0.75-SCA,1.0,0.6674586269566929,0.051885791127355516,DOMINATED
historical_50,H4-1.00-REJ,1.0,0.533457725748397,0.05434822042976781,DOMINATED
historical_50,H4-1.50-REJ,1.0,0.6128994047716414,0.05188579112735628,DOMINATED
historical_50,H4-2.00-REJ,1.0,0.6564534505164896,0.05188579112735531,DOMINATED
historical_50,H4-3.00-REJ,1.0,0.7105612523366043,0.05188579112735621,DOMINATED
historical_50,H4-1.00-SCA,1.0,0.533457725748397,0.05434822042976781,DOMINATED
historical_50,H4-1.50-SCA,1.0,0.6128994047716414,0.05188579112735628,DOMINATED
historical_50,H5-1.50-REJ,1.0,0.7050221653015412,0.05188579112735619,DOMINATED
historical_50,H5-1.50-SCA,1.0,0.7050221653015412,0.05188579112735619,DOMINATED
historical_50,H5-2.00-REJ,1.0,0.7121308579330468,0.051885791127356445,NON_DOMINATED
historical_50,H5-2.00-SCA,1.0,0.7121308579330468,0.051885791127356445,NON_DOMINATED
historical_50,H0,1.5,1.2321615194078865,0.07693624801504641,NON_DOMINATED
historical_50,H1-1.00-REJ,1.5,1.2194505013764276,0.07693624801504703,DOMINATED
historical_50,H1-1.50-REJ,1.5,1.2321615194078865,0.07693624801504641,NON_DOMINATED
historical_50,H1-2.00-REJ,1.5,1.2321615194078865,0.07693624801504641,NON_DOMINATED
historical_50,H1-3.00-REJ,1.5,1.2321615194078865,0.07693624801504641,NON_DOMINATED
historical_50,H1-1.00-SCA,1.5,1.2194505013764276,0.07693624801504703,DOMINATED
historical_50,H1-1.50-SCA,1.5,1.2321615194078865,0.07693624801504641,NON_DOMINATED
historical_50,H1-2.00-SCA,1.5,1.2321615194078865,0.07693624801504641,NON_DOMINATED
historical_50,H2-1.00-REJ,1.5,1.2183999503162317,0.07693624801504681,DOMINATED
historical_50,H2-1.50-REJ,1.5,1.2321615194078865,0.07693624801504641,NON_DOMINATED
historical_50,H2-2.00-REJ,1.5,1.2321615194078865,0.07693624801504641,NON_DOMINATED
historical_50,H2-1.00-SCA,1.5,1.2183999503162317,0.07693624801504681,DOMINATED
historical_50,H2-1.50-SCA,1.5,1.2321615194078865,0.07693624801504641,NON_DOMINATED
historical_50,H3-0.50-REJ,1.5,1.0713339832763333,0.07693624801504698,DOMINATED
historical_50,H3-0.75-REJ,1.5,1.0713339832763333,0.07693624801504698,DOMINATED
historical_50,H3-1.00-REJ,1.5,1.2225998598413335,0.07693624801504671,DOMINATED
historical_50,H3-0.50-SCA,1.5,1.0713339832763333,0.07693624801504698,DOMINATED
historical_50,H3-0.75-SCA,1.5,1.146076659764716,0.07693624801504675,DOMINATED
historical_50,H4-1.00-REJ,1.5,0.8935408159304208,0.08080033232969841,DOMINATED
historical_50,H4-1.50-REJ,1.5,1.0417446115767692,0.07719474686054954,DOMINATED
historical_50,H4-2.00-REJ,1.5,1.1246912613242714,0.07693624801504538,DOMINATED
historical_50,H4-3.00-REJ,1.5,1.2291710246992031,0.07693624801504727,DOMINATED
historical_50,H4-1.00-SCA,1.5,0.8935408159304208,0.08080033232969841,DOMINATED
historical_50,H4-1.50-SCA,1.5,1.0417446115767692,0.07719474686054954,DOMINATED
historical_50,H5-1.50-REJ,1.5,1.2183999503162317,0.07693624801504681,DOMINATED
historical_50,H5-1.50-SCA,1.5,1.2183999503162317,0.07693624801504681,DOMINATED
historical_50,H5-2.00-REJ,1.5,1.2321615194078865,0.07693624801504641,NON_DOMINATED
historical_50,H5-2.00-SCA,1.5,1.2321615194078865,0.07693624801504641,NON_DOMINATED
historical_50,H0,2.0,1.9031117903356587,0.10169539210315688,NON_DOMINATED
historical_50,H1-1.00-REJ,2.0,1.8813564198706323,0.10169539210315703,DOMINATED
historical_50,H1-1.50-REJ,2.0,1.9031117903356587,0.10169539210315688,NON_DOMINATED
historical_50,H1-2.00-REJ,2.0,1.9031117903356587,0.10169539210315688,NON_DOMINATED
historical_50,H1-3.00-REJ,2.0,1.9031117903356587,0.10169539210315688,NON_DOMINATED
historical_50,H1-1.00-SCA,2.0,1.8813564198706323,0.10169539210315703,DOMINATED
historical_50,H1-1.50-SCA,2.0,1.9031117903356587,0.10169539210315688,NON_DOMINATED
historical_50,H1-2.00-SCA,2.0,1.9031117903356587,0.10169539210315688,NON_DOMINATED
historical_50,H2-1.00-REJ,2.0,1.8794895449841524,0.10169539210316005,DOMINATED
historical_50,H2-1.50-REJ,2.0,1.9031117903356587,0.10169539210315688,NON_DOMINATED
historical_50,H2-2.00-REJ,2.0,1.9031117903356587,0.10169539210315688,NON_DOMINATED
historical_50,H2-1.00-SCA,2.0,1.8794895449841524,0.10169539210316005,DOMINATED
historical_50,H2-1.50-SCA,2.0,1.9031117903356587,0.10169539210315688,NON_DOMINATED
historical_50,H3-0.50-REJ,2.0,1.6293590451797098,0.10140689412024083,DOMINATED
historical_50,H3-0.75-REJ,2.0,1.6293590451797098,0.10140689412024083,DOMINATED
historical_50,H3-1.00-REJ,2.0,1.8866296259839146,0.10169539210315806,DOMINATED
historical_50,H3-0.50-SCA,2.0,1.6293590451797098,0.10140689412024083,DOMINATED
historical_50,H3-0.75-SCA,2.0,1.756001343810739,0.10140689412024173,NON_DOMINATED
historical_50,H4-1.00-REJ,2.0,1.3337662299075972,0.10676964944088999,DOMINATED
historical_50,H4-1.50-REJ,2.0,1.5790399748698216,0.10216209426559833,DOMINATED
historical_50,H4-2.00-REJ,2.0,1.719146782665843,0.1014068941202413,DOMINATED
historical_50,H4-3.00-REJ,2.0,1.898062836851401,0.10169539210315785,DOMINATED
historical_50,H4-1.00-SCA,2.0,1.3337662299075972,0.10676964944088999,DOMINATED
historical_50,H4-1.50-SCA,2.0,1.5790399748698216,0.10216209426559833,DOMINATED
historical_50,H5-1.50-REJ,2.0,1.8794895449841524,0.10169539210316005,DOMINATED
historical_50,H5-1.50-SCA,2.0,1.8794895449841524,0.10169539210316005,DOMINATED
historical_50,H5-2.00-REJ,2.0,1.9031117903356587,0.10169539210315688,NON_DOMINATED
historical_50,H5-2.00-SCA,2.0,1.9031117903356587,0.10169539210315688,NON_DOMINATED
historical_70,H0,0.25,0.1506710415874839,0.017761746804763542,DOMINATED
historical_70,H1-1.00-REJ,0.25,0.1412295442072753,0.01256482025402586,DOMINATED
historical_70,H1-1.50-REJ,0.25,0.1506409958102939,0.01776174680476345,DOMINATED
historical_70,H1-2.00-REJ,0.25,0.15014240961329994,0.017761746804763747,DOMINATED
historical_70,H1-3.00-REJ,0.25,0.1506710415874839,0.017761746804763542,DOMINATED
historical_70,H1-1.00-SCA,0.25,0.14543221178928745,0.014762318048614685,NON_DOMINATED
historical_70,H1-1.50-SCA,0.25,0.1506393443225944,0.01776174680476383,DOMINATED
historical_70,H1-2.00-SCA,0.25,0.15059581244118236,0.01776174680476312,DOMINATED
historical_70,H2-1.00-REJ,0.25,0.14180648450454725,0.012564820254025008,NON_DOMINATED
historical_70,H2-1.50-REJ,0.25,0.15014240961329994,0.017761746804763747,DOMINATED
historical_70,H2-2.00-REJ,0.25,0.15014240961329994,0.017761746804763747,DOMINATED
historical_70,H2-1.00-SCA,0.25,0.14538197107419126,0.014762318048613807,DOMINATED
historical_70,H2-1.50-SCA,0.25,0.15021821812011504,0.01776174680476334,DOMINATED
historical_70,H3-0.50-REJ,0.25,0.14194472976698247,0.017378630347211845,DOMINATED
historical_70,H3-0.75-REJ,0.25,0.15017007936286775,0.01776174680476399,DOMINATED
historical_70,H3-1.00-REJ,0.25,0.1506710415874839,0.017761746804763542,DOMINATED
historical_70,H3-0.50-SCA,0.25,0.14742384436872902,0.017616347008506263,NON_DOMINATED
historical_70,H3-0.75-SCA,0.25,0.1504206070423626,0.01776174680476376,DOMINATED
historical_70,H4-1.00-REJ,0.25,0.10564541419989615,0.011196526030383526,NON_DOMINATED
historical_70,H4-1.50-REJ,0.25,0.1184604394852411,0.016454453304713446,DOMINATED
historical_70,H4-2.00-REJ,0.25,0.1319911928814239,0.016454453304713252,DOMINATED
historical_70,H4-3.00-REJ,0.25,0.1507452044787274,0.01776174680476333,NON_DOMINATED
historical_70,H4-1.00-SCA,0.25,0.11059353754219736,0.013300292493038237,DOMINATED
historical_70,H4-1.50-SCA,0.25,0.12650510884666666,0.016454453304713602,DOMINATED
historical_70,H5-1.50-REJ,0.25,0.14180648450454725,0.012564820254025008,NON_DOMINATED
historical_70,H5-1.50-SCA,0.25,0.14538197107419126,0.014762318048613807,DOMINATED
historical_70,H5-2.00-REJ,0.25,0.15014240961329994,0.017761746804763747,DOMINATED
historical_70,H5-2.00-SCA,0.25,0.15021821812011504,0.01776174680476334,DOMINATED
historical_70,H0,0.5,0.32311079832471723,0.03529560192190999,DOMINATED
historical_70,H1-1.00-REJ,0.5,0.30164744048761816,0.025049362151326287,DOMINATED
historical_70,H1-1.50-REJ,0.5,0.3230584388892499,0.03529560192190852,DOMINATED
historical_70,H1-2.00-REJ,0.5,0.32190998008252647,0.03529560192190782,DOMINATED
historical_70,H1-3.00-REJ,0.5,0.32311079832471723,0.03529560192190999,DOMINATED
historical_70,H1-1.00-SCA,0.5,0.3112136414917388,0.02938793102669708,NON_DOMINATED
historical_70,H1-1.50-SCA,0.5,0.3230515647686727,0.03529560192190922,DOMINATED
historical_70,H1-2.00-SCA,0.5,0.32294058689060035,0.035295601921907234,DOMINATED
historical_70,H2-1.00-REJ,0.5,0.302964087799124,0.025049362151327297,NON_DOMINATED
historical_70,H2-1.50-REJ,0.5,0.32190998008252647,0.03529560192190782,DOMINATED
historical_70,H2-2.00-REJ,0.5,0.32190998008252647,0.03529560192190782,DOMINATED
historical_70,H2-1.00-SCA,0.5,0.31109773108266014,0.029387931026698573,DOMINATED
historical_70,H2-1.50-SCA,0.5,0.3220828590836837,0.035295601921908976,DOMINATED
historical_70,H3-0.50-REJ,0.5,0.3031561172722528,0.034539241677286565,DOMINATED
historical_70,H3-0.75-REJ,0.5,0.3219608075319085,0.035295601921907685,DOMINATED
historical_70,H3-1.00-REJ,0.5,0.32311079832471723,0.03529560192190999,DOMINATED
historical_70,H3-0.50-SCA,0.5,0.31567229288014387,0.03500913379705804,NON_DOMINATED
historical_70,H3-0.75-SCA,0.5,0.32253601697443557,0.03529560192190788,DOMINATED
historical_70,H4-1.00-REJ,0.5,0.2219147786127984,0.02229963025913284,NON_DOMINATED
historical_70,H4-1.50-REJ,0.5,0.2502563039142027,0.03267371960922518,DOMINATED
historical_70,H4-2.00-REJ,0.5,0.28062708251674584,0.032673719609224966,DOMINATED
historical_70,H4-3.00-REJ,0.5,0.32329987149035055,0.03529560192190999,NON_DOMINATED
historical_70,H4-1.00-SCA,0.5,0.23284359644984765,0.02646041602753495,DOMINATED
historical_70,H4-1.50-SCA,0.5,0.2682790587253876,0.03267371960922463,DOMINATED
historical_70,H5-1.50-REJ,0.5,0.302964087799124,0.025049362151327297,NON_DOMINATED
historical_70,H5-1.50-SCA,0.5,0.31109773108266014,0.029387931026698573,DOMINATED
historical_70,H5-2.00-REJ,0.5,0.32190998008252647,0.03529560192190782,DOMINATED
historical_70,H5-2.00-SCA,0.5,0.3220828590836837,0.035295601921908976,DOMINATED
historical_70,H0,0.75,0.5203217498676771,0.05260253038945445,DOMINATED
historical_70,H1-1.00-REJ,0.75,0.4837523889957964,0.037452698357714295,DOMINATED
historical_70,H1-1.50-REJ,0.75,0.5202603715417122,0.05260253038945485,DOMINATED
historical_70,H1-2.00-REJ,0.75,0.5182777205176816,0.052602530389455344,DOMINATED
historical_70,H1-3.00-REJ,0.75,0.5203217498676771,0.05260253038945445,DOMINATED
historical_70,H1-1.00-SCA,0.75,0.5000735816002086,0.04387647518463466,NON_DOMINATED
historical_70,H1-1.50-SCA,0.75,0.5202432277623881,0.05260253038945485,DOMINATED
historical_70,H1-2.00-SCA,0.75,0.5200331986322111,0.05260253038945352,DOMINATED
historical_70,H2-1.00-REJ,0.75,0.4860046448086288,0.03745269835771374,NON_DOMINATED
historical_70,H2-1.50-REJ,0.75,0.5182777205176816,0.052602530389455344,DOMINATED
historical_70,H2-2.00-REJ,0.75,0.5182777205176816,0.052602530389455344,DOMINATED
historical_70,H2-1.00-SCA,0.75,0.49987316216289956,0.043876475184633966,DOMINATED
historical_70,H2-1.50-SCA,0.75,0.5185731757781151,0.052602530389455,DOMINATED
historical_70,H3-0.50-REJ,0.75,0.4861221052779563,0.05148273590003691,DOMINATED
historical_70,H3-0.75-REJ,0.75,0.5183432320341763,0.05260253038945468,DOMINATED
historical_70,H3-1.00-REJ,0.75,0.5203217498676771,0.05260253038945445,DOMINATED
historical_70,H3-0.50-SCA,0.75,0.5075509033721335,0.05217927079221091,NON_DOMINATED
historical_70,H3-0.75-SCA,0.75,0.5193330439858717,0.0526025303894547,DOMINATED
historical_70,H4-1.00-REJ,0.75,0.34981843064762974,0.03330966929806668,NON_DOMINATED
historical_70,H4-1.50-REJ,0.75,0.396804163546004,0.04866055682472461,DOMINATED
historical_70,H4-2.00-REJ,0.75,0.44790205505309255,0.048660556824724845,DOMINATED
historical_70,H4-3.00-REJ,0.75,0.5206795263450759,0.05260253038945484,NON_DOMINATED
historical_70,H4-1.00-SCA,0.75,0.36791382667299555,0.03948130480146131,DOMINATED
historical_70,H4-1.50-SCA,0.75,0.42706984486306565,0.04866055682472565,DOMINATED
historical_70,H5-1.50-REJ,0.75,0.4860046448086288,0.03745269835771374,NON_DOMINATED
historical_70,H5-1.50-SCA,0.75,0.49987316216289956,0.043876475184633966,DOMINATED
historical_70,H5-2.00-REJ,0.75,0.5182777205176816,0.052602530389455344,DOMINATED
historical_70,H5-2.00-SCA,0.75,0.5185731757781151,0.052602530389455,DOMINATED
historical_70,H0,1.0,0.7456994684936131,0.06968353925007055,DOMINATED
historical_70,H1-1.00-REJ,1.0,0.6903534854991547,0.049773932096733815,DOMINATED
historical_70,H1-1.50-REJ,1.0,0.7456497253042402,0.06968353925006922,DOMINATED
historical_70,H1-2.00-REJ,1.0,0.7426094038324678,0.06968353925007184,DOMINATED
historical_70,H1-3.00-REJ,1.0,0.7456994684936131,0.06968353925007055,DOMINATED
historical_70,H1-1.00-SCA,1.0,0.7150905807511594,0.05822762548619657,NON_DOMINATED
historical_70,H1-1.50-SCA,1.0,0.7456153798049894,0.06968353925007054,DOMINATED
historical_70,H1-2.00-SCA,1.0,0.7452650875182667,0.06968353925006898,DOMINATED
historical_70,H2-1.00-REJ,1.0,0.6937761332834456,0.04977393209673268,NON_DOMINATED
historical_70,H2-1.50-REJ,1.0,0.7426094038324678,0.06968353925007184,DOMINATED
historical_70,H2-2.00-REJ,1.0,0.7426094038324678,0.06968353925007184,DOMINATED
historical_70,H2-1.00-SCA,1.0,0.7147827617170117,0.05822762548619853,DOMINATED
historical_70,H2-1.50-SCA,1.0,0.7430578933707415,0.0696835392500698,DOMINATED
historical_70,H3-0.50-REJ,1.0,0.6936342464198337,0.06821005327314583,DOMINATED
historical_70,H3-0.75-REJ,1.0,0.7426758400745548,0.06968353925006998,DOMINATED
historical_70,H3-1.00-REJ,1.0,0.7456994684936131,0.06968353925007055,DOMINATED
historical_70,H3-0.50-SCA,1.0,0.7262235804351937,0.06912770981400132,NON_DOMINATED
historical_70,H3-0.75-SCA,1.0,0.7441887824902467,0.06968353925007045,DOMINATED
historical_70,H4-1.00-REJ,1.0,0.49045677050515213,0.0442270041681942,NON_DOMINATED
historical_70,H4-1.50-REJ,1.0,0.559661215076596,0.06441770003291544,DOMINATED
historical_70,H4-2.00-REJ,1.0,0.6360359196872591,0.06441770003291607,DOMINATED
historical_70,H4-3.00-REJ,1.0,0.7462960146521327,0.06968353925007029,NON_DOMINATED
historical_70,H4-1.00-SCA,1.0,0.5170769888663846,0.05236389461389511,DOMINATED
historical_70,H4-1.50-SCA,1.0,0.6048137859551357,0.06441770003291543,DOMINATED
historical_70,H5-1.50-REJ,1.0,0.6937761332834456,0.04977393209673268,NON_DOMINATED
historical_70,H5-1.50-SCA,1.0,0.7147827617170117,0.05822762548619853,DOMINATED
historical_70,H5-2.00-REJ,1.0,0.7426094038324678,0.06968353925007184,DOMINATED
historical_70,H5-2.00-SCA,1.0,0.7430578933707415,0.0696835392500698,DOMINATED
historical_70,H0,1.5,1.2967994226988289,0.10317202974097464,DOMINATED
historical_70,H1-1.00-REJ,1.5,1.190055889167784,0.07416665708634372,DOMINATED
historical_70,H1-1.50-REJ,1.5,1.2968760194467088,0.10317202974097645,DOMINATED
historical_70,H1-2.00-REJ,1.5,1.2908564380599898,0.1031720297409762,DOMINATED
historical_70,H1-3.00-REJ,1.5,1.2967994226988289,0.10317202974097464,DOMINATED
historical_70,H1-1.00-SCA,1.5,1.2379153785574628,0.0865166350295322,NON_DOMINATED
historical_70,H1-1.50-SCA,1.5,1.2967763224387943,0.10317202974097642,DOMINATED
historical_70,H1-2.00-SCA,1.5,1.295971364554688,0.10317202974097596,DOMINATED
historical_70,H2-1.00-REJ,1.5,1.1967134109573112,0.07416665708634448,NON_DOMINATED
historical_70,H2-1.50-REJ,1.5,1.2908564380599898,0.1031720297409762,DOMINATED
historical_70,H2-2.00-REJ,1.5,1.2908564380599898,0.1031720297409762,DOMINATED
historical_70,H2-1.00-SCA,1.5,1.2373040177209207,0.08651663502953191,DOMINATED
historical_70,H2-1.50-SCA,1.5,1.29172635321832,0.10317202974097547,DOMINATED
historical_70,H3-0.50-REJ,1.5,1.1951930816669205,0.10102010435840328,DOMINATED
historical_70,H3-0.75-REJ,1.5,1.2908536705020786,0.10317202974097621,DOMINATED
historical_70,H3-1.00-REJ,1.5,1.2967994226988289,0.10317202974097464,DOMINATED
historical_70,H3-0.50-SCA,1.5,1.258661583513625,0.1023635018210989,NON_DOMINATED
historical_70,H3-0.75-SCA,1.5,1.2938298822208534,0.10317202974097583,DOMINATED
historical_70,H4-1.00-REJ,1.5,0.8148345676114099,0.0657850269681032,NON_DOMINATED
historical_70,H4-1.50-REJ,1.5,0.9413130571207426,0.09525373087924675,DOMINATED
historical_70,H4-2.00-REJ,1.5,1.0850317611213267,0.09525373087924717,DOMINATED
historical_70,H4-3.00-REJ,1.5,1.2981691148605612,0.10317202974097667,NON_DOMINATED
historical_70,H4-1.00-SCA,1.5,0.8633764390930199,0.07771792770916351,DOMINATED
historical_70,H4-1.50-SCA,1.5,1.0259630710190648,0.09525373087924732,DOMINATED
historical_70,H5-1.50-REJ,1.5,1.1967134109573112,0.07416665708634448,NON_DOMINATED
historical_70,H5-1.50-SCA,1.5,1.2373040177209207,0.08651663502953191,DOMINATED
historical_70,H5-2.00-REJ,1.5,1.2908564380599898,0.1031720297409762,DOMINATED
historical_70,H5-2.00-SCA,1.5,1.29172635321832,0.10317202974097547,DOMINATED
historical_70,H0,2.0,2.013423486023006,0.13576992806145818,DOMINATED
historical_70,H1-1.00-REJ,2.0,1.8309291960133387,0.09822096901575347,DOMINATED
historical_70,H1-1.50-REJ,2.0,2.0138637290756405,0.13576992806145674,DOMINATED
historical_70,H1-2.00-REJ,2.0,2.0032993093323483,0.13576992806145768,DOMINATED
historical_70,H1-3.00-REJ,2.0,2.013423486023006,0.13576992806145818,DOMINATED
historical_70,H1-1.00-SCA,2.0,1.9130372911576181,0.11425311505104462,NON_DOMINATED
historical_70,H1-1.50-SCA,2.0,2.0136336009777396,0.13576992806145943,DOMINATED
historical_70,H1-2.00-SCA,2.0,2.012026132694183,0.13576992806145755,DOMINATED
historical_70,H2-1.00-REJ,2.0,1.8424136273113758,0.09822096901575234,NON_DOMINATED
historical_70,H2-1.50-REJ,2.0,2.0032993093323483,0.13576992806145768,DOMINATED
historical_70,H2-2.00-REJ,2.0,2.0032993093323483,0.13576992806145768,DOMINATED
historical_70,H2-1.00-SCA,2.0,1.9119610132006728,0.11425311505104412,DOMINATED
historical_70,H2-1.50-SCA,2.0,2.004794509646522,0.13576992806145824,DOMINATED
historical_70,H3-0.50-REJ,2.0,1.8376500797967354,0.13297764674601426,DOMINATED
historical_70,H3-0.75-REJ,2.0,2.003059689255704,0.1357699280614585,DOMINATED
historical_70,H3-1.00-REJ,2.0,2.013423486023006,0.13576992806145818,DOMINATED
historical_70,H3-0.50-SCA,2.0,1.9472244978089686,0.13472491198889835,NON_DOMINATED
historical_70,H3-0.75-SCA,2.0,2.008249358111295,0.1357699280614589,DOMINATED
historical_70,H4-1.00-REJ,2.0,1.2059491882444422,0.08697667144917011,NON_DOMINATED
historical_70,H4-1.50-REJ,2.0,1.4109978821817744,0.12520323798219693,DOMINATED
historical_70,H4-2.00-REJ,2.0,1.6508451821847103,0.12520323798219707,DOMINATED
historical_70,H4-3.00-REJ,2.0,2.0161556649746113,0.13576992806145824,NON_DOMINATED
historical_70,H4-1.00-SCA,2.0,1.2844863862175737,0.10253002839568323,DOMINATED
historical_70,H4-1.50-SCA,2.0,1.5517460677608383,0.12520323798219696,DOMINATED
historical_70,H5-1.50-REJ,2.0,1.8424136273113758,0.09822096901575234,NON_DOMINATED
historical_70,H5-1.50-SCA,2.0,1.9119610132006728,0.11425311505104412,DOMINATED
historical_70,H5-2.00-REJ,2.0,2.0032993093323483,0.13576992806145768,DOMINATED
historical_70,H5-2.00-SCA,2.0,2.004794509646522,0.13576992806145824,DOMINATED
historical_100,H0,0.25,0.15910048723276304,0.026581490680357374,DOMINATED
historical_100,H1-1.00-REJ,0.25,0.14641311053687467,0.01921227808912309,NON_DOMINATED
historical_100,H1-1.50-REJ,0.25,0.14641311053687467,0.01921227808912309,NON_DOMINATED
historical_100,H1-2.00-REJ,0.25,0.15834375833833247,0.02658149068035771,DOMINATED
historical_100,H1-3.00-REJ,0.25,0.15910048723276304,0.026581490680357374,DOMINATED
historical_100,H1-1.00-SCA,0.25,0.14641311053687467,0.01921227808912309,NON_DOMINATED
historical_100,H1-1.50-SCA,0.25,0.15238472495273592,0.022862318477695355,NON_DOMINATED
historical_100,H1-2.00-SCA,0.25,0.15834375833833247,0.02658149068035771,DOMINATED
historical_100,H2-1.00-REJ,0.25,0.14641311053687467,0.01921227808912309,NON_DOMINATED
historical_100,H2-1.50-REJ,0.25,0.14641311053687467,0.01921227808912309,NON_DOMINATED
historical_100,H2-2.00-REJ,0.25,0.15834375833833247,0.02658149068035771,DOMINATED
historical_100,H2-1.00-SCA,0.25,0.14641311053687467,0.01921227808912309,NON_DOMINATED
historical_100,H2-1.50-SCA,0.25,0.15238472495273592,0.022862318477695355,NON_DOMINATED
historical_100,H3-0.50-REJ,0.25,0.15910048723276304,0.026581490680357374,DOMINATED
historical_100,H3-0.75-REJ,0.25,0.15910048723276304,0.026581490680357374,DOMINATED
historical_100,H3-1.00-REJ,0.25,0.15910048723276304,0.026581490680357374,DOMINATED
historical_100,H3-0.50-SCA,0.25,0.15910048723276304,0.026581490680357374,DOMINATED
historical_100,H3-0.75-SCA,0.25,0.15910048723276304,0.026581490680357374,DOMINATED
historical_100,H4-1.00-REJ,0.25,0.10645135075054735,0.015676907457924456,NON_DOMINATED
historical_100,H4-1.50-REJ,0.25,0.10645135075054735,0.015676907457924456,NON_DOMINATED
historical_100,H4-2.00-REJ,0.25,0.13281852108956627,0.02264793568438491,DOMINATED
historical_100,H4-3.00-REJ,0.25,0.1613328375593741,0.02658149068035755,NON_DOMINATED
historical_100,H4-1.00-SCA,0.25,0.10645135075054735,0.015676907457924456,NON_DOMINATED
historical_100,H4-1.50-SCA,0.25,0.11959062947177945,0.01916684455032797,NON_DOMINATED
historical_100,H5-1.50-REJ,0.25,0.14641311053687467,0.01921227808912309,NON_DOMINATED
historical_100,H5-1.50-SCA,0.25,0.14641311053687467,0.01921227808912309,NON_DOMINATED
historical_100,H5-2.00-REJ,0.25,0.14641311053687467,0.01921227808912309,NON_DOMINATED
historical_100,H5-2.00-SCA,0.25,0.15238472495273592,0.022862318477695355,NON_DOMINATED
historical_100,H0,0.5,0.34183389281174303,0.052610775580036497,DOMINATED
historical_100,H1-1.00-REJ,0.5,0.3129605676710936,0.03819015542142535,NON_DOMINATED
historical_100,H1-1.50-REJ,0.5,0.3129605676710936,0.03819015542142535,NON_DOMINATED
historical_100,H1-2.00-REJ,0.5,0.3401126592866759,0.052610775580036344,DOMINATED
historical_100,H1-3.00-REJ,0.5,0.34183389281174303,0.052610775580036497,DOMINATED
historical_100,H1-1.00-SCA,0.5,0.3129605676710936,0.03819015542142535,NON_DOMINATED
historical_100,H1-1.50-SCA,0.5,0.3265671002193262,0.04534482898635294,NON_DOMINATED
historical_100,H1-2.00-SCA,0.5,0.3401126592866759,0.052610775580036344,DOMINATED
historical_100,H2-1.00-REJ,0.5,0.3129605676710936,0.03819015542142535,NON_DOMINATED
historical_100,H2-1.50-REJ,0.5,0.3129605676710936,0.03819015542142535,NON_DOMINATED
historical_100,H2-2.00-REJ,0.5,0.3401126592866759,0.052610775580036344,DOMINATED
historical_100,H2-1.00-SCA,0.5,0.3129605676710936,0.03819015542142535,NON_DOMINATED
historical_100,H2-1.50-SCA,0.5,0.3265671002193262,0.04534482898635294,NON_DOMINATED
historical_100,H3-0.50-REJ,0.5,0.34183389281174303,0.052610775580036497,DOMINATED
historical_100,H3-0.75-REJ,0.5,0.34183389281174303,0.052610775580036497,DOMINATED
historical_100,H3-1.00-REJ,0.5,0.34183389281174303,0.052610775580036497,DOMINATED
historical_100,H3-0.50-SCA,0.5,0.34183389281174303,0.052610775580036497,DOMINATED
historical_100,H3-0.75-SCA,0.5,0.34183389281174303,0.052610775580036497,DOMINATED
historical_100,H4-1.00-REJ,0.5,0.22331378056117734,0.03116635929414141,NON_DOMINATED
historical_100,H4-1.50-REJ,0.5,0.22331378056117734,0.03116635929414141,NON_DOMINATED
historical_100,H4-2.00-REJ,0.5,0.2819246914182476,0.04487142303549828,DOMINATED
historical_100,H4-3.00-REJ,0.5,0.3470521555172026,0.052610775580035664,NON_DOMINATED
historical_100,H4-1.00-SCA,0.5,0.22331378056117734,0.03116635929414141,NON_DOMINATED
historical_100,H4-1.50-SCA,0.5,0.252425344944313,0.03803632487615366,NON_DOMINATED
historical_100,H5-1.50-REJ,0.5,0.3129605676710936,0.03819015542142535,NON_DOMINATED
historical_100,H5-1.50-SCA,0.5,0.3129605676710936,0.03819015542142535,NON_DOMINATED
historical_100,H5-2.00-REJ,0.5,0.3129605676710936,0.03819015542142535,NON_DOMINATED
historical_100,H5-2.00-SCA,0.5,0.3265671002193262,0.04534482898635294,NON_DOMINATED
historical_100,H0,0.75,0.5514370595691553,0.07809442004467655,DOMINATED
historical_100,H1-1.00-REJ,0.75,0.5022165980597957,0.056933015195046156,NON_DOMINATED
historical_100,H1-1.50-REJ,0.75,0.5022165980597957,0.056933015195046156,NON_DOMINATED
historical_100,H1-2.00-REJ,0.75,0.5485054048877098,0.07809442004467593,DOMINATED
historical_100,H1-3.00-REJ,0.75,0.5514370595691553,0.07809442004467655,DOMINATED
historical_100,H1-1.00-SCA,0.75,0.5022165980597957,0.056933015195046156,NON_DOMINATED
historical_100,H1-1.50-SCA,0.75,0.5254437676583368,0.06744974419923833,NON_DOMINATED
historical_100,H1-2.00-SCA,0.75,0.5485054048877098,0.07809442004467593,DOMINATED
historical_100,H2-1.00-REJ,0.75,0.5022165980597957,0.056933015195046156,NON_DOMINATED
historical_100,H2-1.50-REJ,0.75,0.5022165980597957,0.056933015195046156,NON_DOMINATED
historical_100,H2-2.00-REJ,0.75,0.5485054048877098,0.07809442004467593,DOMINATED
historical_100,H2-1.00-SCA,0.75,0.5022165980597957,0.056933015195046156,NON_DOMINATED
historical_100,H2-1.50-SCA,0.75,0.5254437676583368,0.06744974419923833,NON_DOMINATED
historical_100,H3-0.50-REJ,0.75,0.5514370595691553,0.07809442004467655,DOMINATED
historical_100,H3-0.75-REJ,0.75,0.5514370595691553,0.07809442004467655,DOMINATED
historical_100,H3-1.00-REJ,0.75,0.5514370595691553,0.07809442004467655,DOMINATED
historical_100,H3-0.50-SCA,0.75,0.5514370595691553,0.07809442004467655,DOMINATED
historical_100,H3-0.75-SCA,0.75,0.5514370595691553,0.07809442004467655,DOMINATED
historical_100,H4-1.00-REJ,0.75,0.35150360320187857,0.046469556594872806,NON_DOMINATED
historical_100,H4-1.50-REJ,0.75,0.35150360320187857,0.046469556594872806,NON_DOMINATED
historical_100,H4-2.00-REJ,0.75,0.4491297658119713,0.06667638452871777,DOMINATED
historical_100,H4-3.00-REJ,0.75,0.5605735770355511,0.07809442004467691,NON_DOMINATED
historical_100,H4-1.00-SCA,0.75,0.35150360320187857,0.046469556594872806,NON_DOMINATED
historical_100,H4-1.50-SCA,0.75,0.3998399920865623,0.05661162156763047,NON_DOMINATED
historical_100,H5-1.50-REJ,0.75,0.5022165980597957,0.056933015195046156,NON_DOMINATED
historical_100,H5-1.50-SCA,0.75,0.5022165980597957,0.056933015195046156,NON_DOMINATED
historical_100,H5-2.00-REJ,0.75,0.5022165980597957,0.056933015195046156,NON_DOMINATED
historical_100,H5-2.00-SCA,0.75,0.5254437676583368,0.06744974419923833,NON_DOMINATED
historical_100,H0,1.0,0.7915479295275887,0.1030390662238345,DOMINATED
historical_100,H1-1.00-REJ,1.0,0.7170569019299444,0.0754403468647809,NON_DOMINATED
historical_100,H1-1.50-REJ,1.0,0.7170569019299444,0.0754403468647809,NON_DOMINATED
historical_100,H1-2.00-REJ,1.0,0.787116534097904,0.10303906622383584,DOMINATED
historical_100,H1-3.00-REJ,1.0,0.7915479295275887,0.1030390662238345,DOMINATED
historical_100,H1-1.00-SCA,1.0,0.7170569019299444,0.0754403468647809,NON_DOMINATED
historical_100,H1-1.50-SCA,1.0,0.7522635743988928,0.0891793876385676,NON_DOMINATED
historical_100,H1-2.00-SCA,1.0,0.787116534097904,0.10303906622383584,DOMINATED
historical_100,H2-1.00-REJ,1.0,0.7170569019299444,0.0754403468647809,NON_DOMINATED
historical_100,H2-1.50-REJ,1.0,0.7170569019299444,0.0754403468647809,NON_DOMINATED
historical_100,H2-2.00-REJ,1.0,0.787116534097904,0.10303906622383584,DOMINATED
historical_100,H2-1.00-SCA,1.0,0.7170569019299444,0.0754403468647809,NON_DOMINATED
historical_100,H2-1.50-SCA,1.0,0.7522635743988928,0.0891793876385676,NON_DOMINATED
historical_100,H3-0.50-REJ,1.0,0.7915479295275887,0.1030390662238345,DOMINATED
historical_100,H3-0.75-REJ,1.0,0.7915479295275887,0.1030390662238345,DOMINATED
historical_100,H3-1.00-REJ,1.0,0.7915479295275887,0.1030390662238345,DOMINATED
historical_100,H3-0.50-SCA,1.0,0.7915479295275887,0.1030390662238345,DOMINATED
historical_100,H3-0.75-SCA,1.0,0.7915479295275887,0.1030390662238345,DOMINATED
historical_100,H4-1.00-REJ,1.0,0.49200716316391846,0.06158771156098346,NON_DOMINATED
historical_100,H4-1.50-REJ,1.0,0.49200716316391846,0.06158771156098346,NON_DOMINATED
historical_100,H4-2.00-REJ,1.0,0.6364222725488331,0.08806870353428471,DOMINATED
historical_100,H4-3.00-REJ,1.0,0.8057487893098698,0.1030390662238349,NON_DOMINATED
historical_100,H4-1.00-SCA,1.0,0.49200716316391846,0.06158771156098346,NON_DOMINATED
historical_100,H4-1.50-SCA,1.0,0.5632898598907088,0.07489590933301407,NON_DOMINATED
historical_100,H5-1.50-REJ,1.0,0.7170569019299444,0.0754403468647809,NON_DOMINATED
historical_100,H5-1.50-SCA,1.0,0.7170569019299444,0.0754403468647809,NON_DOMINATED
historical_100,H5-2.00-REJ,1.0,0.7170569019299444,0.0754403468647809,NON_DOMINATED
historical_100,H5-2.00-SCA,1.0,0.7522635743988928,0.0891793876385676,NON_DOMINATED
historical_100,H0,1.5,1.3801152000869856,0.1513382797991666,DOMINATED
historical_100,H1-1.00-REJ,1.5,1.2366928342916697,0.11174690384798659,NON_DOMINATED
historical_100,H1-1.50-REJ,1.5,1.2366928342916697,0.11174690384798659,NON_DOMINATED
historical_100,H1-2.00-REJ,1.5,1.3716134383898662,0.15133827979916756,DOMINATED
historical_100,H1-3.00-REJ,1.5,1.3801152000869856,0.1513382797991666,DOMINATED
historical_100,H1-1.00-SCA,1.5,1.2366928342916697,0.11174690384798659,NON_DOMINATED
historical_100,H1-1.50-SCA,1.5,1.3047220241686657,0.13152268401123168,NON_DOMINATED
historical_100,H1-2.00-SCA,1.5,1.3716134383898662,0.15133827979916756,DOMINATED
historical_100,H2-1.00-REJ,1.5,1.2366928342916697,0.11174690384798659,NON_DOMINATED
historical_100,H2-1.50-REJ,1.5,1.2366928342916697,0.11174690384798659,NON_DOMINATED
historical_100,H2-2.00-REJ,1.5,1.3716134383898662,0.15133827979916756,DOMINATED
historical_100,H2-1.00-SCA,1.5,1.2366928342916697,0.11174690384798659,NON_DOMINATED
historical_100,H2-1.50-SCA,1.5,1.3047220241686657,0.13152268401123168,NON_DOMINATED
historical_100,H3-0.50-REJ,1.5,1.3801152000869856,0.1513382797991666,DOMINATED
historical_100,H3-0.75-REJ,1.5,1.3801152000869856,0.1513382797991666,DOMINATED
historical_100,H3-1.00-REJ,1.5,1.3801152000869856,0.1513382797991666,DOMINATED
historical_100,H3-0.50-SCA,1.5,1.3801152000869856,0.1513382797991666,DOMINATED
historical_100,H3-0.75-SCA,1.5,1.3801152000869856,0.1513382797991666,DOMINATED
historical_100,H4-1.00-REJ,1.5,0.8142770668302004,0.0912737962527591,NON_DOMINATED
historical_100,H4-1.50-REJ,1.5,0.8142770668302004,0.0912737962527591,NON_DOMINATED
historical_100,H4-2.00-REJ,1.5,1.080197302565221,0.12963874777252013,DOMINATED
historical_100,H4-3.00-REJ,1.5,1.4089487815285184,0.15133827979916692,NON_DOMINATED
historical_100,H4-1.00-SCA,1.5,0.8142770668302004,0.0912737962527591,NON_DOMINATED
historical_100,H4-1.50-SCA,1.5,0.9447681047157976,0.11060412373363493,NON_DOMINATED
historical_100,H5-1.50-REJ,1.5,1.2366928342916697,0.11174690384798659,NON_DOMINATED
historical_100,H5-1.50-SCA,1.5,1.2366928342916697,0.11174690384798659,NON_DOMINATED
historical_100,H5-2.00-REJ,1.5,1.2366928342916697,0.11174690384798659,NON_DOMINATED
historical_100,H5-2.00-SCA,1.5,1.3047220241686657,0.13152268401123168,NON_DOMINATED
historical_100,H0,2.0,2.146414857875139,0.1975628602789135,DOMINATED
historical_100,H1-1.00-REJ,2.0,1.9021760598106927,0.14711274601285024,NON_DOMINATED
historical_100,H1-1.50-REJ,2.0,1.9021760598106927,0.14711274601285024,NON_DOMINATED
historical_100,H1-2.00-REJ,2.0,2.1320108919147023,0.19756286027891307,DOMINATED
historical_100,H1-3.00-REJ,2.0,2.146414857875139,0.1975628602789135,DOMINATED
historical_100,H1-1.00-SCA,2.0,1.9021760598106927,0.14711274601285024,NON_DOMINATED
historical_100,H1-1.50-SCA,2.0,2.0185212403007418,0.17239537471075708,NON_DOMINATED
historical_100,H1-2.00-SCA,2.0,2.1320108919147023,0.19756286027891307,DOMINATED
historical_100,H2-1.00-REJ,2.0,1.9021760598106927,0.14711274601285024,NON_DOMINATED
historical_100,H2-1.50-REJ,2.0,1.9021760598106927,0.14711274601285024,NON_DOMINATED
historical_100,H2-2.00-REJ,2.0,2.1320108919147023,0.19756286027891307,DOMINATED
historical_100,H2-1.00-SCA,2.0,1.9021760598106927,0.14711274601285024,NON_DOMINATED
historical_100,H2-1.50-SCA,2.0,2.0185212403007418,0.17239537471075708,NON_DOMINATED
historical_100,H3-0.50-REJ,2.0,2.146414857875139,0.1975628602789135,DOMINATED
historical_100,H3-0.75-REJ,2.0,2.146414857875139,0.1975628602789135,DOMINATED
historical_100,H3-1.00-REJ,2.0,2.146414857875139,0.1975628602789135,DOMINATED
historical_100,H3-0.50-SCA,2.0,2.146414857875139,0.1975628602789135,DOMINATED
historical_100,H3-0.75-SCA,2.0,2.146414857875139,0.1975628602789135,DOMINATED
historical_100,H4-1.00-REJ,2.0,1.1995829100564532,0.1202345168113455,NON_DOMINATED
historical_100,H4-1.50-REJ,2.0,1.1995829100564532,0.1202345168113455,NON_DOMINATED
historical_100,H4-2.00-REJ,2.0,1.6332715331870649,0.16962781410591812,DOMINATED
historical_100,H4-3.00-REJ,2.0,2.1981848124623324,0.19756286027891393,NON_DOMINATED
historical_100,H4-1.00-SCA,2.0,1.1995829100564532,0.1202345168113455,NON_DOMINATED
historical_100,H4-1.50-SCA,2.0,1.4112457129033977,0.14518622445928056,NON_DOMINATED
historical_100,H5-1.50-REJ,2.0,1.9021760598106927,0.14711274601285024,NON_DOMINATED
historical_100,H5-1.50-SCA,2.0,1.9021760598106927,0.14711274601285024,NON_DOMINATED
historical_100,H5-2.00-REJ,2.0,1.9021760598106927,0.14711274601285024,NON_DOMINATED
historical_100,H5-2.00-SCA,2.0,2.0185212403007418,0.17239537471075708,NON_DOMINATED
blockmc_50,H0,1.0,0.7145216487295452,0.07791129283737107,DOMINATED
blockmc_50,H1-1.50-REJ,1.0,0.7145216487295452,0.07791129283737107,DOMINATED
blockmc_50,H2-1.50-REJ,1.0,0.7145216487295452,0.07791129283737107,DOMINATED
blockmc_50,H3-0.75-REJ,1.0,0.6323431499649297,0.06943068235828093,NON_DOMINATED
blockmc_50,H4-1.50-REJ,1.0,0.7090626629433301,0.07762435779937198,DOMINATED
blockmc_50,H5-1.50-REJ,1.0,0.7076808552279946,0.07610256818742527,NON_DOMINATED
blockmc_50,H1-1.00-REJ,1.0,0.7101637859025384,0.07618418975314288,NON_DOMINATED
blockmc_50,H1-2.00-REJ,1.0,0.7166603718771705,0.07777291441517825,NON_DOMINATED
blockmc_50,H2-1.00-REJ,1.0,0.709882528352222,0.07618418975314292,DOMINATED
blockmc_50,H3-0.50-REJ,1.0,0.6344757444455859,0.06989352897620041,NON_DOMINATED
blockmc_50,H4-1.00-REJ,1.0,0.6532943755593842,0.07355011898349832,NON_DOMINATED
blockmc_70,H5-1.50-REJ,1.0,0.6952437054754043,0.06327758810513905,DOMINATED
blockmc_70,H1-1.50-REJ,1.0,0.7474315094567145,0.09266773269350197,NON_DOMINATED
blockmc_70,H2-1.50-REJ,1.0,0.744612802075648,0.09267638391381999,DOMINATED
blockmc_70,H3-0.75-REJ,1.0,0.7450088404249723,0.09497437689995987,DOMINATED
blockmc_70,H0,1.0,0.7477746869570661,0.09497437689995987,NON_DOMINATED
blockmc_70,H2-1.00-REJ,1.0,0.6955492918350107,0.0625565401248632,NON_DOMINATED
blockmc_70,H3-0.50-REJ,1.0,0.6981367239703617,0.0906775043963419,NON_DOMINATED
blockmc_70,H1-1.00-REJ,1.0,0.6922843089504896,0.06255654012486321,DOMINATED
edge75,H0,1.0,0.32848944254413076,0.10420204987742805,NON_DOMINATED
edge75,H1-1.00-REJ,1.0,0.3266630736076107,0.10140879857643484,NON_DOMINATED
edge75,H1-1.50-REJ,1.0,0.32848944254413076,0.10420204987742805,NON_DOMINATED
edge75,H2-1.50-REJ,1.0,0.32848944254413076,0.10420204987742805,NON_DOMINATED
edge75,H3-0.75-REJ,1.0,0.29143877422992476,0.09160277270435535,NON_DOMINATED
edge75,H5-1.50-REJ,1.0,0.32518199058416836,0.10171240971599754,DOMINATED
edge50,H0,1.0,0.02744675830337368,0.23427624592136265,DOMINATED
edge50,H1-1.00-REJ,1.0,0.028593687548770647,0.22713757631701786,NON_DOMINATED
edge50,H1-1.50-REJ,1.0,0.02744675830337368,0.23427624592136265,DOMINATED
edge50,H2-1.50-REJ,1.0,0.02744675830337368,0.23427624592136265,DOMINATED
edge50,H3-0.75-REJ,1.0,0.020265765602409794,0.21149972204185938,NON_DOMINATED
edge50,H5-1.50-REJ,1.0,0.026453746825414223,0.23109724181461616,DOMINATED
tail_insert,H0,1.0,4.58139381532733,0.051885791127355994,NON_DOMINATED
tail_insert,H1-1.00-REJ,1.0,4.531100220518248,0.051885791127355946,DOMINATED
tail_insert,H1-1.50-REJ,1.0,4.58139381532733,0.051885791127355994,NON_DOMINATED
tail_insert,H2-1.00-REJ,1.0,4.527114967807242,0.051885791127355314,DOMINATED
tail_insert,H2-1.50-REJ,1.0,4.58139381532733,0.051885791127355994,NON_DOMINATED
tail_insert,H3-0.50-REJ,1.0,3.9679554960337047,0.05188579112735607,DOMINATED
tail_insert,H3-0.75-REJ,1.0,3.9679554960337047,0.05188579112735607,DOMINATED
tail_insert,H4-1.00-REJ,1.0,3.3410546706876785,0.05434822042976781,DOMINATED
tail_insert,H4-1.50-REJ,1.0,3.8611771827883756,0.05973360606676372,DOMINATED
tail_insert,H5-1.50-REJ,1.0,4.527114967807242,0.051885791127355314,DOMINATED
