timestamp,open,high,low,close,volume
2024-01-01 00:00:00,162.24029,162.3084,162.19528,162.24029,2925
2024-01-01 01:00:00,162.24029,162.31189,162.16176,162.22907,1552
2024-01-01 02:00:00,162.22907,162.31561,162.26246,162.28162,4389
2024-01-01 03:00:00,162.28162,162.43049,162.34152,162.40525,3430
2024-01-01 04:00:00,162.40525,162.45041,162.37661,162.38623,9601
2024-01-01 05:00:00,162.38623,162.39546,162.36605,162.36722,8867
2024-01-01 06:00:00,162.36722,162.51349,162.48551,162.49548,8179
2024-01-01 07:00:00,162.49548,162.58961,162.53425,162.55784,2266
2024-01-01 08:00:00,162.55784,162.56999,162.49388,162.51969,3356
2024-01-01 09:00:00,162.51969,162.56497,162.45931,162.56378,4665
2024-01-01 10:00:00,162.56378,162.55079,162.42873,162.52612,9946
2024-01-01 11:00:00,162.52612,162.51276,162.47797,162.48828,7078
2024-01-01 12:00:00,162.48828,162.53145,162.48747,162.50794,8005
2024-01-01 13:00:00,162.50794,162.35702,162.32806,162.35255,3071
2024-01-01 14:00:00,162.35255,162.30331,162.16871,162.21259,4453
2024-01-01 15:00:00,162.21259,162.17791,162.11605,162.16699,7563
2024-01-01 16:00:00,162.16699,162.08892,162.06674,162.08489,2394
2024-01-01 17:00:00,162.08489,162.15355,162.04407,162.11036,4714
2024-01-01 18:00:00,162.11036,162.10855,161.96969,162.03677,3958
2024-01-01 19:00:00,162.03677,161.95879,161.88755,161.92239,7895
2024-01-01 20:00:00,161.92239,162.12179,161.97908,162.0411,1525
2024-01-01 21:00:00,162.0411,162.02405,161.9658,162.0228,3365
2024-01-01 22:00:00,162.0228,162.03799,161.98708,162.02827,1013
2024-01-01 23:00:00,162.02827,162.02143,161.90147,161.91289,9321
2024-01-02 00:00:00,161.91289,161.88185,161.83417,161.86883,9219
2024-01-02 01:00:00,161.86883,161.91701,161.81731,161.8778,6543
2024-01-02 02:00:00,161.8778,161.86322,161.70963,161.78467,8062
2024-01-02 03:00:00,161.78467,161.89059,161.80184,161.81506,1629
2024-01-02 04:00:00,161.81506,161.7702,161.70421,161.76648,6897
2024-01-02 05:00:00,161.76648,161.78592,161.7223,161.74288,7276
2024-01-02 06:00:00,161.74288,161.72571,161.62671,161.69423,7656
2024-01-02 07:00:00,161.69423,161.88008,161.78071,161.84405,4192
2024-01-02 08:00:00,161.84405,161.92243,161.78442,161.84296,4568
2024-01-02 09:00:00,161.84296,161.78009,161.67047,161.75739,2390
2024-01-02 10:00:00,161.75739,161.83865,161.8055,161.82393,1956
2024-01-02 11:00:00,161.82393,161.74078,161.7033,161.72518,1281
2024-01-02 12:00:00,161.72518,161.77762,161.73815,161.74207,7980
2024-01-02 13:00:00,161.74207,161.59292,161.5403,161.58367,5585
2024-01-02 14:00:00,161.58367,161.49969,161.35746,161.4764,6370
2024-01-02 15:00:00,161.4764,161.53668,161.4755,161.49229,6342
2024-01-02 16:00:00,161.49229,161.5591,161.47078,161.55193,8595
2024-01-02 17:00:00,161.55193,161.61742,161.56132,161.56577,6757
2024-01-02 18:00:00,161.56577,161.61014,161.50603,161.55643,1891
2024-01-02 19:00:00,161.55643,161.54551,161.50058,161.53211,8519
2024-01-02 20:00:00,161.53211,161.45173,161.35371,161.41274,6238
2024-01-02 21:00:00,161.41274,161.36194,161.33699,161.35465,7257
2024-01-02 22:00:00,161.35465,161.34985,161.29248,161.3175,1302
2024-01-02 23:00:00,161.3175,161.42452,161.39952,161.40278,5440
2024-01-03 00:00:00,161.40278,161.48406,161.37303,161.43052,4124
2024-01-03 01:00:00,161.43052,161.32888,161.20044,161.28828,9125
2024-01-03 02:00:00,161.28828,161.36306,161.3022,161.31441,4828
2024-01-03 03:00:00,161.31441,161.36144,161.26141,161.28336,4173
2024-01-03 04:00:00,161.28336,161.28631,161.1694,161.22878,4553
2024-01-03 05:00:00,161.22878,161.313,161.24735,161.27809,2388
2024-01-03 06:00:00,161.27809,161.36852,161.35518,161.36126,1454
2024-01-03 07:00:00,161.36126,161.4983,161.3568,161.43641,3875
2024-01-03 08:00:00,161.43641,161.47578,161.31485,161.36868,9927
2024-01-03 09:00:00,161.36868,161.40633,161.31465,161.34374,8010
2024-01-03 10:00:00,161.34374,161.3923,161.31968,161.37046,3989
2024-01-03 11:00:00,161.37046,161.60137,161.44759,161.44919,7471
2024-01-03 12:00:00,161.44919,161.53155,161.29958,161.41052,2177
2024-01-03 13:00:00,161.41052,161.47449,161.38726,161.39553,9234
2024-01-03 14:00:00,161.39553,161.33919,161.27843,161.30628,7570
2024-01-03 15:00:00,161.30628,161.22205,161.19087,161.20983,9906
2024-01-03 16:00:00,161.20983,161.33423,161.25202,161.27534,1140
2024-01-03 17:00:00,161.27534,161.42124,161.37115,161.38474,7012
2024-01-03 18:00:00,161.38474,161.40128,161.2653,161.37893,4610
2024-01-03 19:00:00,161.37893,161.46272,161.42264,161.45992,8311
2024-01-03 20:00:00,161.45992,161.50144,161.46589,161.48912,7787
2024-01-03 21:00:00,161.48912,161.44147,161.37338,161.43704,2286
2024-01-03 22:00:00,161.43704,161.51316,161.43952,161.46621,8052
2024-01-03 23:00:00,161.46621,161.61861,161.54702,161.59043,9105
2024-01-04 00:00:00,161.59043,161.62741,161.58025,161.58754,6291
2024-01-04 01:00:00,161.58754,161.72007,161.69317,161.714,7284
2024-01-04 02:00:00,161.714,161.56075,161.48371,161.50231,7869
2024-01-04 03:00:00,161.50231,161.63293,161.54824,161.5687,1009
2024-01-04 04:00:00,161.5687,161.59817,161.52331,161.57573,7295
2024-01-04 05:00:00,161.57573,161.61186,161.51799,161.55157,2316
2024-01-04 06:00:00,161.55157,161.61084,161.51474,161.55899,4683
2024-01-04 07:00:00,161.55899,161.48661,161.35841,161.39851,1145
2024-01-04 08:00:00,161.39851,161.40827,161.35986,161.38079,1482
2024-01-04 09:00:00,161.38079,161.41349,161.35666,161.4096,9853
2024-01-04 10:00:00,161.4096,161.53104,161.5218,161.52892,1987
2024-01-04 11:00:00,161.52892,161.51414,161.42942,161.48707,2100
2024-01-04 12:00:00,161.48707,161.42608,161.29687,161.4218,1769
2024-01-04 13:00:00,161.4218,161.4136,161.30629,161.38131,7780
2024-01-04 14:00:00,161.38131,161.50248,161.40171,161.45519,3349
2024-01-04 15:00:00,161.45519,161.4964,161.45586,161.48173,7764
2024-01-04 16:00:00,161.48173,161.49228,161.40451,161.43896,3472
2024-01-04 17:00:00,161.43896,161.52993,161.37964,161.4804,4713
2024-01-04 18:00:00,161.4804,161.51347,161.47829,161.48824,5255
2024-01-04 19:00:00,161.48824,161.61645,161.56121,161.56647,9258
2024-01-04 20:00:00,161.56647,161.60637,161.49164,161.50977,8426
2024-01-04 21:00:00,161.50977,161.55595,161.41889,161.48331,4874
2024-01-04 22:00:00,161.48331,161.46427,161.36801,161.45165,1661
2024-01-04 23:00:00,161.45165,161.36057,161.32987,161.33355,4374
2024-01-05 00:00:00,161.33355,161.36564,161.28901,161.35744,3493
2024-01-05 01:00:00,161.35744,161.43898,161.36397,161.3785,4083
2024-01-05 02:00:00,161.3785,161.44253,161.32011,161.37892,8123
2024-01-05 03:00:00,161.37892,161.47305,161.33582,161.35999,8446
2024-01-05 04:00:00,161.35999,161.29867,161.23053,161.24584,7099
2024-01-05 05:00:00,161.24584,161.21546,161.1742,161.21193,1285
2024-01-05 06:00:00,161.21193,161.29646,161.16528,161.1843,8121
2024-01-05 07:00:00,161.1843,161.14021,161.10343,161.11966,2012
2024-01-05 08:00:00,161.11966,161.13101,161.07852,161.10667,3785
2024-01-05 09:00:00,161.10667,161.17219,161.08244,161.13922,3408
2024-01-05 10:00:00,161.13922,161.38011,161.26668,161.29126,6299
2024-01-05 11:00:00,161.29126,161.31469,161.30068,161.30534,5406
2024-01-05 12:00:00,161.30534,161.34784,161.30044,161.32611,5437
2024-01-05 13:00:00,161.32611,161.4166,161.26114,161.32011,5107
2024-01-05 14:00:00,161.32011,161.18662,161.10902,161.16541,8629
2024-01-05 15:00:00,161.16541,161.19076,161.13429,161.16328,8693
2024-01-05 16:00:00,161.16328,161.17659,161.13159,161.16813,7721
2024-01-05 17:00:00,161.16813,161.38776,161.34043,161.36675,8373
2024-01-05 18:00:00,161.36675,161.35368,161.34298,161.35123,6656
2024-01-05 19:00:00,161.35123,161.41052,161.24827,161.37556,5259
2024-01-05 20:00:00,161.37556,161.4223,161.35815,161.37276,5917
2024-01-05 21:00:00,161.37276,161.30347,161.23341,161.27849,3530
2024-01-05 22:00:00,161.27849,161.42224,161.3559,161.37067,3529
2024-01-05 23:00:00,161.37067,161.45594,161.42874,161.43135,9734
2024-01-06 00:00:00,161.43135,161.63515,161.48101,161.49522,6947
2024-01-06 01:00:00,161.49522,161.42418,161.41063,161.4218,7610
2024-01-06 02:00:00,161.4218,161.5905,161.43738,161.53506,7488
2024-01-06 03:00:00,161.53506,161.42908,161.40555,161.42188,9648
2024-01-06 04:00:00,161.42188,161.52887,161.45664,161.46925,6448
2024-01-06 05:00:00,161.46925,161.68058,161.60476,161.64619,7406
2024-01-06 06:00:00,161.64619,161.58497,161.55789,161.56615,2638
2024-01-06 07:00:00,161.56615,161.55593,161.4844,161.52041,2403
2024-01-06 08:00:00,161.52041,161.57448,161.45651,161.52846,5517
2024-01-06 09:00:00,161.52846,161.53838,161.47768,161.4878,8870
2024-01-06 10:00:00,161.4878,161.42881,161.35176,161.36265,2549
2024-01-06 11:00:00,161.36265,161.38784,161.31191,161.36818,4716
2024-01-06 12:00:00,161.36818,161.28394,161.27405,161.28249,8898
2024-01-06 13:00:00,161.28249,161.38696,161.3021,161.32068,7793
2024-01-06 14:00:00,161.32068,161.2946,161.21851,161.24654,7356
2024-01-06 15:00:00,161.24654,161.3917,161.31945,161.37155,3385
2024-01-06 16:00:00,161.37155,161.37553,161.27148,161.30836,5798
2024-01-06 17:00:00,161.30836,161.36672,161.28215,161.28239,8961
2024-01-06 18:00:00,161.28239,161.38346,161.28807,161.34801,8394
2024-01-06 19:00:00,161.34801,161.3151,161.17068,161.24874,4493
2024-01-06 20:00:00,161.24874,161.29101,161.26144,161.26708,3672
2024-01-06 21:00:00,161.26708,161.42782,161.31825,161.37251,1571
2024-01-06 22:00:00,161.37251,161.25243,161.22449,161.24286,9433
2024-01-06 23:00:00,161.24286,161.36211,161.22845,161.25775,1775
2024-01-07 00:00:00,161.25775,161.29209,161.24002,161.27871,1078
2024-01-07 01:00:00,161.27871,161.34775,161.29452,161.34176,8340
2024-01-07 02:00:00,161.34176,161.26426,161.20923,161.24201,7230
2024-01-07 03:00:00,161.24201,161.14666,161.13123,161.13559,4456
2024-01-07 04:00:00,161.13559,161.21645,161.11484,161.17764,1365
2024-01-07 05:00:00,161.17764,161.25365,161.11556,161.20158,9964
2024-01-07 06:00:00,161.20158,161.27912,161.187,161.22177,6439
2024-01-07 07:00:00,161.22177,161.2883,161.2427,161.2497,7511
2024-01-07 08:00:00,161.2497,161.22424,161.13148,161.19488,4009
2024-01-07 09:00:00,161.19488,161.25526,161.17102,161.2136,9569
2024-01-07 10:00:00,161.2136,161.28377,161.23467,161.23723,3196
2024-01-07 11:00:00,161.23723,161.18318,161.12805,161.17965,1769
2024-01-07 12:00:00,161.17965,161.40053,161.243,161.33008,4983
2024-01-07 13:00:00,161.33008,161.39437,161.31639,161.36831,9714
2024-01-07 14:00:00,161.36831,161.31233,161.26246,161.27222,5583
2024-01-07 15:00:00,161.27222,161.40927,161.23089,161.32517,8128
2024-01-07 16:00:00,161.32517,161.27131,161.20978,161.24657,1685
2024-01-07 17:00:00,161.24657,161.36871,161.25509,161.31004,1038
2024-01-07 18:00:00,161.31004,161.44407,161.36411,161.40351,1301
2024-01-07 19:00:00,161.40351,161.3803,161.30174,161.33729,9789
2024-01-07 20:00:00,161.33729,161.45514,161.37099,161.41503,8003
2024-01-07 21:00:00,161.41503,161.4677,161.4168,161.44834,9474
2024-01-07 22:00:00,161.44834,161.51537,161.48873,161.51472,5183
2024-01-07 23:00:00,161.51472,161.7152,161.582,161.66797,2724
2024-01-08 00:00:00,161.66797,161.68014,161.57853,161.64814,2653
2024-01-08 01:00:00,161.64814,161.67504,161.557,161.58723,6926
2024-01-08 02:00:00,161.58723,161.56393,161.50544,161.51538,4300
2024-01-08 03:00:00,161.51538,161.45621,161.39021,161.44951,4727
2024-01-08 04:00:00,161.44951,161.47218,161.40601,161.44328,1514
2024-01-08 05:00:00,161.44328,161.53321,161.45034,161.47082,3520
2024-01-08 06:00:00,161.47082,161.57407,161.47404,161.49316,3159
2024-01-08 07:00:00,161.49316,161.57344,161.48946,161.55997,3649
2024-01-08 08:00:00,161.55997,161.57617,161.54554,161.56102,2037
2024-01-08 09:00:00,161.56102,161.71859,161.63978,161.67848,3634
2024-01-08 10:00:00,161.67848,161.68785,161.63404,161.65709,6189
2024-01-08 11:00:00,161.65709,161.91679,161.77541,161.8771,2929
2024-01-08 12:00:00,161.8771,161.93867,161.88245,161.92775,2828
2024-01-08 13:00:00,161.92775,161.8775,161.83837,161.85837,6036
2024-01-08 14:00:00,161.85837,161.78051,161.73116,161.77172,3563
2024-01-08 15:00:00,161.77172,161.89775,161.80682,161.81075,5431
2024-01-08 16:00:00,161.81075,161.82832,161.74446,161.79268,4959
2024-01-08 17:00:00,161.79268,161.92964,161.80401,161.85045,1593
2024-01-08 18:00:00,161.85045,161.90363,161.88556,161.88875,4390
2024-01-08 19:00:00,161.88875,161.93705,161.85132,161.88285,6093
2024-01-08 20:00:00,161.88285,161.84119,161.79036,161.81433,9623
2024-01-08 21:00:00,161.81433,161.73569,161.67711,161.69181,7256
2024-01-08 22:00:00,161.69181,161.69661,161.64916,161.65572,2651
2024-01-08 23:00:00,161.65572,161.76246,161.68215,161.72495,6237
2024-01-09 00:00:00,161.72495,161.79196,161.6523,161.74227,2283
2024-01-09 01:00:00,161.74227,161.70594,161.64079,161.64155,9590
2024-01-09 02:00:00,161.64155,161.71119,161.6408,161.65555,9266
2024-01-09 03:00:00,161.65555,161.70143,161.61992,161.6867,9329
2024-01-09 04:00:00,161.6867,161.62209,161.52952,161.61526,2900
2024-01-09 05:00:00,161.61526,161.64763,161.60204,161.62768,8999
2024-01-09 06:00:00,161.62768,161.65729,161.60655,161.63239,9895
2024-01-09 07:00:00,161.63239,161.5939,161.53754,161.54004,4331
2024-01-09 08:00:00,161.54004,161.57378,161.56187,161.56894,1685
2024-01-09 09:00:00,161.56894,161.66266,161.59962,161.61425,8710
2024-01-09 10:00:00,161.61425,161.7044,161.66236,161.70179,7868
2024-01-09 11:00:00,161.70179,161.83441,161.7437,161.78702,1162
2024-01-09 12:00:00,161.78702,161.7186,161.64201,161.67561,1905
2024-01-09 13:00:00,161.67561,161.64411,161.56088,161.59982,8896
2024-01-09 14:00:00,161.59982,161.66695,161.64076,161.64144,3643
2024-01-09 15:00:00,161.64144,161.73404,161.58434,161.68297,1689
2024-01-09 16:00:00,161.68297,161.81014,161.6748,161.72461,1671
2024-01-09 17:00:00,161.72461,162.04846,162.0322,162.03645,7342
2024-01-09 18:00:00,162.03645,162.1391,162.06438,162.08271,4959
2024-01-09 19:00:00,162.08271,162.2178,162.13004,162.17476,3361
2024-01-09 20:00:00,162.17476,162.29292,162.22241,162.25214,2938
2024-01-09 21:00:00,162.25214,162.31994,162.29859,162.30499,7588
2024-01-09 22:00:00,162.30499,162.31517,162.23996,162.27941,1597
2024-01-09 23:00:00,162.27941,162.39056,162.2113,162.341,1572
2024-01-10 00:00:00,162.341,162.29916,162.24454,162.27829,7566
2024-01-10 01:00:00,162.27829,162.27754,162.17089,162.25907,2517
2024-01-10 02:00:00,162.25907,162.27188,162.07753,162.2197,2537
2024-01-10 03:00:00,162.2197,162.28106,162.1947,162.22634,7985
2024-01-10 04:00:00,162.22634,162.52933,162.365,162.4142,4750
2024-01-10 05:00:00,162.4142,162.29723,162.25904,162.26263,9103
2024-01-10 06:00:00,162.26263,162.33305,162.27863,162.31832,1610
2024-01-10 07:00:00,162.31832,162.21892,162.1486,162.18749,6774
2024-01-10 08:00:00,162.18749,162.16494,162.13694,162.14922,2749
2024-01-10 09:00:00,162.14922,162.26174,162.20402,162.23753,8548
2024-01-10 10:00:00,162.23753,162.2582,162.24119,162.24274,8193
2024-01-10 11:00:00,162.24274,162.24429,162.05712,162.15534,6879
2024-01-10 12:00:00,162.15534,162.1403,162.09357,162.09736,8264
2024-01-10 13:00:00,162.09736,162.21396,162.12991,162.15245,7744
2024-01-10 14:00:00,162.15245,162.13279,162.08326,162.09324,7852
2024-01-10 15:00:00,162.09324,162.19982,162.10103,162.11078,1475
2024-01-10 16:00:00,162.11078,162.15393,162.06904,162.11448,8239
2024-01-10 17:00:00,162.11448,162.08342,161.99939,162.06167,7063
2024-01-10 18:00:00,162.06167,162.23786,162.18892,162.23549,7971
2024-01-10 19:00:00,162.23549,162.33476,162.25496,162.28692,3822
2024-01-10 20:00:00,162.28692,162.19882,162.05956,162.12268,1282
2024-01-10 21:00:00,162.12268,162.15407,162.11816,162.13779,8167
2024-01-10 22:00:00,162.13779,162.15009,162.04551,162.08415,1687
2024-01-10 23:00:00,162.08415,162.16295,162.09666,162.15325,7509
2024-01-11 00:00:00,162.15325,162.09018,162.02033,162.089,8183
2024-01-11 01:00:00,162.089,162.08015,162.06497,162.07971,6108
2024-01-11 02:00:00,162.07971,162.17651,162.05097,162.12064,2283
2024-01-11 03:00:00,162.12064,162.23277,162.17314,162.19083,9004
2024-01-11 04:00:00,162.19083,162.15126,161.96759,162.09352,4864
2024-01-11 05:00:00,162.09352,162.09082,162.03925,162.06641,7788
2024-01-11 06:00:00,162.06641,162.05145,162.01649,162.02793,1645
2024-01-11 07:00:00,162.02793,162.02392,161.91962,161.97501,6569
2024-01-11 08:00:00,161.97501,162.1261,162.05454,162.11805,1587
2024-01-11 09:00:00,162.11805,162.19949,162.12633,162.15088,4348
2024-01-11 10:00:00,162.15088,162.07778,161.96891,162.04869,7450
2024-01-11 11:00:00,162.04869,162.20164,162.1074,162.12307,8096
2024-01-11 12:00:00,162.12307,162.38984,162.21617,162.29519,7416
2024-01-11 13:00:00,162.29519,162.38401,162.31931,162.379,8950
2024-01-11 14:00:00,162.379,162.27949,162.24121,162.25568,5578
2024-01-11 15:00:00,162.25568,162.23902,162.20662,162.2164,2958
2024-01-11 16:00:00,162.2164,162.34206,162.27018,162.31919,7144
2024-01-11 17:00:00,162.31919,162.28656,162.22392,162.26177,7659
2024-01-11 18:00:00,162.26177,162.31414,162.27671,162.29778,8358
2024-01-11 19:00:00,162.29778,162.43167,162.33554,162.36065,7115
2024-01-11 20:00:00,162.36065,162.30249,162.26161,162.28542,2787
2024-01-11 21:00:00,162.28542,162.3396,162.23998,162.28059,5741
2024-01-11 22:00:00,162.28059,162.0505,161.92546,162.01781,4674
2024-01-11 23:00:00,162.01781,162.01067,161.86547,161.93485,1141
2024-01-12 00:00:00,161.93485,161.92124,161.86094,161.9144,6661
2024-01-12 01:00:00,161.9144,161.81816,161.74488,161.81341,9472
2024-01-12 02:00:00,161.81341,161.96525,161.94226,161.94554,2750
2024-01-12 03:00:00,161.94554,161.84863,161.79597,161.82978,8789
2024-01-12 04:00:00,161.82978,161.80369,161.77879,161.79418,8880
2024-01-12 05:00:00,161.79418,161.85345,161.70491,161.80475,2531
2024-01-12 06:00:00,161.80475,161.95912,161.81981,161.9214,1933
2024-01-12 07:00:00,161.9214,161.88772,161.77955,161.80519,2762
2024-01-12 08:00:00,161.80519,161.93552,161.85629,161.89932,1040
2024-01-12 09:00:00,161.89932,161.92095,161.85648,161.90015,8789
2024-01-12 10:00:00,161.90015,161.84786,161.71135,161.82072,3479
2024-01-12 11:00:00,161.82072,161.86214,161.83543,161.85811,2492
2024-01-12 12:00:00,161.85811,161.90985,161.87247,161.87422,8851
2024-01-12 13:00:00,161.87422,161.83852,161.79448,161.82565,5577
2024-01-12 14:00:00,161.82565,161.8405,161.78269,161.83129,8468
2024-01-12 15:00:00,161.83129,161.82526,161.78842,161.80012,7581
2024-01-12 16:00:00,161.80012,161.88086,161.79222,161.8093,7748
2024-01-12 17:00:00,161.8093,161.93243,161.8497,161.86288,2846
2024-01-12 18:00:00,161.86288,162.03821,161.98983,161.99129,6525
2024-01-12 19:00:00,161.99129,161.93458,161.84585,161.89106,3394
2024-01-12 20:00:00,161.89106,162.06594,161.9814,162.06382,5005
2024-01-12 21:00:00,162.06382,161.91084,161.89676,161.90571,7716
2024-01-12 22:00:00,161.90571,161.92314,161.89163,161.89342,8815
2024-01-12 23:00:00,161.89342,161.95005,161.86367,161.94105,3800
2024-01-13 00:00:00,161.94105,161.99114,161.85311,161.96381,2455
2024-01-13 01:00:00,161.96381,161.95683,161.88087,161.91339,7796
2024-01-13 02:00:00,161.91339,161.95283,161.89066,161.89654,5976
2024-01-13 03:00:00,161.89654,161.87165,161.82012,161.85664,1340
2024-01-13 04:00:00,161.85664,161.87937,161.79357,161.80895,6482
2024-01-13 05:00:00,161.80895,161.9059,161.83624,161.8777,1855
2024-01-13 06:00:00,161.8777,161.95703,161.9024,161.9066,1182
2024-01-13 07:00:00,161.9066,161.85142,161.79826,161.85052,2517
2024-01-13 08:00:00,161.85052,161.95774,161.8498,161.92333,9210
2024-01-13 09:00:00,161.92333,161.9886,161.9394,161.94821,7132
2024-01-13 10:00:00,161.94821,162.05495,161.9574,162.01405,7048
2024-01-13 11:00:00,162.01405,162.08855,162.05792,162.06506,4052
2024-01-13 12:00:00,162.06506,162.01622,161.96992,161.9979,6443
2024-01-13 13:00:00,161.9979,161.99297,161.8452,161.95253,1593
2024-01-13 14:00:00,161.95253,162.02245,161.97327,162.01305,1935
2024-01-13 15:00:00,162.01305,162.06889,162.05877,162.06251,8922
2024-01-13 16:00:00,162.06251,162.0857,162.05263,162.06081,6054
2024-01-13 17:00:00,162.06081,162.13499,162.0058,162.07032,2842
2024-01-13 18:00:00,162.07032,162.17869,162.17297,162.17389,5658
2024-01-13 19:00:00,162.17389,162.13598,162.08901,162.12593,1770
2024-01-13 20:00:00,162.12593,162.20008,162.1527,162.17028,2628
2024-01-13 21:00:00,162.17028,162.15673,162.11766,162.15389,7439
2024-01-13 22:00:00,162.15389,162.16342,162.09161,162.13624,3466
2024-01-13 23:00:00,162.13624,162.26602,162.22033,162.22534,2998
2024-01-14 00:00:00,162.22534,162.3877,162.25664,162.29231,8446
2024-01-14 01:00:00,162.29231,162.40938,162.342,162.35833,7563
2024-01-14 02:00:00,162.35833,162.52252,162.41955,162.46435,5020
2024-01-14 03:00:00,162.46435,162.47884,162.41482,162.46605,2823
2024-01-14 04:00:00,162.46605,162.53553,162.50877,162.52146,7990
2024-01-14 05:00:00,162.52146,162.51375,162.48493,162.49625,2141
2024-01-14 06:00:00,162.49625,162.57293,162.46765,162.52259,4361
2024-01-14 07:00:00,162.52259,162.52436,162.4528,162.51201,4267
2024-01-14 08:00:00,162.51201,162.52743,162.4989,162.51989,4273
2024-01-14 09:00:00,162.51989,162.63217,162.5002,162.56826,6546
2024-01-14 10:00:00,162.56826,162.56386,162.47748,162.50177,2829
2024-01-14 11:00:00,162.50177,162.6771,162.61347,162.67187,4699
2024-01-14 12:00:00,162.67187,162.66394,162.49077,162.59006,2054
2024-01-14 13:00:00,162.59006,162.53085,162.47071,162.49138,7980
2024-01-14 14:00:00,162.49138,162.63988,162.58074,162.5855,8833
2024-01-14 15:00:00,162.5855,162.70346,162.63222,162.64987,3309
2024-01-14 16:00:00,162.64987,162.71327,162.62261,162.70064,5009
2024-01-14 17:00:00,162.70064,162.75632,162.74058,162.75176,7789
2024-01-14 18:00:00,162.75176,162.80804,162.73272,162.75076,3416
2024-01-14 19:00:00,162.75076,162.68762,162.6398,162.67777,6619
2024-01-14 20:00:00,162.67777,162.81243,162.59581,162.68393,9556
2024-01-14 21:00:00,162.68393,162.65999,162.60442,162.62886,1946
2024-01-14 22:00:00,162.62886,162.76002,162.68535,162.70817,8730
2024-01-14 23:00:00,162.70817,162.6977,162.63168,162.69621,1382
2024-01-15 00:00:00,162.69621,162.72564,162.59258,162.62907,2627
2024-01-15 01:00:00,162.62907,162.61876,162.58548,162.60294,7652
2024-01-15 02:00:00,162.60294,162.69023,162.54096,162.63651,7905
2024-01-15 03:00:00,162.63651,162.67452,162.57667,162.59068,3567
2024-01-15 04:00:00,162.59068,162.52532,162.49617,162.52385,4730
2024-01-15 05:00:00,162.52385,162.55623,162.49394,162.54365,9458
2024-01-15 06:00:00,162.54365,162.59256,162.46125,162.56356,7538
2024-01-15 07:00:00,162.56356,162.55545,162.51867,162.52236,2207
2024-01-15 08:00:00,162.52236,162.51439,162.46607,162.48409,1882
2024-01-15 09:00:00,162.48409,162.52133,162.50152,162.50294,6867
2024-01-15 10:00:00,162.50294,162.38786,162.30536,162.38533,8929
2024-01-15 11:00:00,162.38533,162.42953,162.21051,162.27109,9125
2024-01-15 12:00:00,162.27109,162.2418,162.14592,162.21281,3808
2024-01-15 13:00:00,162.21281,162.2618,162.15504,162.1955,7068
2024-01-15 14:00:00,162.1955,162.22339,162.20682,162.22071,2970
2024-01-15 15:00:00,162.22071,162.41433,162.25786,162.34043,1364
2024-01-15 16:00:00,162.34043,162.418,162.40968,162.41006,2863
2024-01-15 17:00:00,162.41006,162.40657,162.34183,162.39707,4935
2024-01-15 18:00:00,162.39707,162.43364,162.34292,162.39553,6442
2024-01-15 19:00:00,162.39553,162.34305,162.17096,162.31414,8661
2024-01-15 20:00:00,162.31414,162.34783,162.27065,162.31264,2137
2024-01-15 21:00:00,162.31264,162.3845,162.27746,162.28922,5778
2024-01-15 22:00:00,162.28922,162.31925,162.26284,162.3154,1276
2024-01-15 23:00:00,162.3154,162.30403,162.22241,162.24828,4735
2024-01-16 00:00:00,162.24828,162.30072,162.20639,162.29042,8901
2024-01-16 01:00:00,162.29042,162.46128,162.38984,162.41484,9733
2024-01-16 02:00:00,162.41484,162.4311,162.37114,162.40601,6668
2024-01-16 03:00:00,162.40601,162.46138,162.41495,162.43863,9448
2024-01-16 04:00:00,162.43863,162.51183,162.44253,162.4947,4175
2024-01-16 05:00:00,162.4947,162.53714,162.42817,162.4621,8427
2024-01-16 06:00:00,162.4621,162.51322,162.47326,162.48031,4426
2024-01-16 07:00:00,162.48031,162.58415,162.44308,162.48133,6409
2024-01-16 08:00:00,162.48133,162.5083,162.45061,162.48926,6776
2024-01-16 09:00:00,162.48926,162.49737,162.42632,162.42647,8823
2024-01-16 10:00:00,162.42647,162.48528,162.42498,162.42846,2497
2024-01-16 11:00:00,162.42846,162.54727,162.43174,162.46891,3555
2024-01-16 12:00:00,162.46891,162.60045,162.53671,162.58684,2238
2024-01-16 13:00:00,162.58684,162.6724,162.63064,162.66484,4701
2024-01-16 14:00:00,162.66484,162.85298,162.74217,162.84006,3368
2024-01-16 15:00:00,162.84006,162.84974,162.765,162.77759,3828
2024-01-16 16:00:00,162.77759,162.92936,162.78983,162.8486,8480
2024-01-16 17:00:00,162.8486,162.89782,162.83502,162.86353,1182
2024-01-16 18:00:00,162.86353,163.18964,163.03296,163.04195,8651
2024-01-16 19:00:00,163.04195,163.0078,162.96683,162.97607,1159
2024-01-16 20:00:00,162.97607,163.03099,162.81966,162.90766,9244
2024-01-16 21:00:00,162.90766,162.8704,162.79192,162.85884,7846
2024-01-16 22:00:00,162.85884,162.71993,162.60999,162.68599,7046
2024-01-16 23:00:00,162.68599,162.67712,162.62326,162.64323,8016
2024-01-17 00:00:00,162.64323,162.62162,162.52683,162.5815,6086
2024-01-17 01:00:00,162.5815,162.62106,162.5637,162.59373,2809
2024-01-17 02:00:00,162.59373,162.66811,162.57113,162.62152,7056
2024-01-17 03:00:00,162.62152,162.79757,162.76565,162.77414,6951
2024-01-17 04:00:00,162.77414,162.88366,162.83667,162.85151,3624
2024-01-17 05:00:00,162.85151,162.81357,162.75311,162.80454,6793
2024-01-17 06:00:00,162.80454,162.78158,162.69902,162.73143,3224
2024-01-17 07:00:00,162.73143,162.80092,162.76317,162.77146,9662
2024-01-17 08:00:00,162.77146,162.78306,162.65749,162.66404,8094
2024-01-17 09:00:00,162.66404,162.86022,162.75269,162.81307,4607
2024-01-17 10:00:00,162.81307,162.96069,162.85738,162.90911,8122
2024-01-17 11:00:00,162.90911,162.87107,162.8235,162.8709,3587
2024-01-17 12:00:00,162.8709,162.73501,162.67718,162.73145,2519
2024-01-17 13:00:00,162.73145,162.86854,162.78201,162.84165,6355
2024-01-17 14:00:00,162.84165,162.84306,162.76754,162.83232,5424
2024-01-17 15:00:00,162.83232,162.95231,162.90235,162.93313,3005
2024-01-17 16:00:00,162.93313,162.83603,162.75094,162.80329,2772
2024-01-17 17:00:00,162.80329,162.79073,162.7341,162.75451,8430
2024-01-17 18:00:00,162.75451,162.7731,162.72625,162.75493,7469
2024-01-17 19:00:00,162.75493,162.81683,162.67855,162.75876,2461
2024-01-17 20:00:00,162.75876,162.76159,162.7146,162.72213,1234
2024-01-17 21:00:00,162.72213,162.79939,162.76487,162.77282,5213
2024-01-17 22:00:00,162.77282,162.69717,162.61372,162.68595,8982
2024-01-17 23:00:00,162.68595,162.74881,162.61904,162.67437,9016
2024-01-18 00:00:00,162.67437,162.69531,162.63562,162.68415,9088
2024-01-18 01:00:00,162.68415,162.76794,162.66765,162.726,4253
2024-01-18 02:00:00,162.726,162.82855,162.7376,162.78391,9931
2024-01-18 03:00:00,162.78391,162.69773,162.66856,162.6924,4923
2024-01-18 04:00:00,162.6924,162.65038,162.55163,162.56766,3745
2024-01-18 05:00:00,162.56766,162.68285,162.61797,162.67154,6818
2024-01-18 06:00:00,162.67154,162.773,162.63251,162.69858,5063
2024-01-18 07:00:00,162.69858,162.69655,162.57523,162.6377,7198
2024-01-18 08:00:00,162.6377,162.86943,162.75141,162.76388,4709
2024-01-18 09:00:00,162.76388,162.85979,162.68356,162.7733,7516
2024-01-18 10:00:00,162.7733,162.87736,162.86682,162.86931,5402
2024-01-18 11:00:00,162.86931,162.90755,162.84173,162.8748,9835
2024-01-18 12:00:00,162.8748,163.05728,163.01501,163.04271,3204
2024-01-18 13:00:00,163.04271,163.19093,163.10543,163.18587,2102
2024-01-18 14:00:00,163.18587,163.17401,163.14389,163.16556,9707
2024-01-18 15:00:00,163.16556,163.27115,163.24232,163.24484,7683
2024-01-18 16:00:00,163.24484,163.33039,163.26668,163.29753,8659
2024-01-18 17:00:00,163.29753,163.45015,163.39697,163.40932,8468
2024-01-18 18:00:00,163.40932,163.37476,163.32753,163.3305,8006
2024-01-18 19:00:00,163.3305,163.44388,163.34494,163.38653,2072
2024-01-18 20:00:00,163.38653,163.48045,163.4526,163.47302,8605
2024-01-18 21:00:00,163.47302,163.37771,163.32561,163.32933,5781
2024-01-18 22:00:00,163.32933,163.28606,163.2251,163.23273,2946
2024-01-18 23:00:00,163.23273,163.10057,163.00512,163.06638,6241
2024-01-19 00:00:00,163.06638,163.07034,163.03343,163.04441,3645
2024-01-19 01:00:00,163.04441,163.11671,163.02618,163.10292,2932
2024-01-19 02:00:00,163.10292,163.33757,163.14926,163.22549,6637
2024-01-19 03:00:00,163.22549,163.30126,163.21848,163.23153,9811
2024-01-19 04:00:00,163.23153,163.38646,163.34632,163.36451,3743
2024-01-19 05:00:00,163.36451,163.33009,163.22918,163.25182,8186
2024-01-19 06:00:00,163.25182,163.13758,163.08482,163.11284,1619
2024-01-19 07:00:00,163.11284,163.12915,163.10737,163.10831,6366
2024-01-19 08:00:00,163.10831,163.19102,163.12408,163.13963,4423
2024-01-19 09:00:00,163.13963,163.18872,163.10027,163.13696,8594
2024-01-19 10:00:00,163.13696,163.01517,162.94532,162.96841,6973
2024-01-19 11:00:00,162.96841,162.97611,162.90959,162.96115,3468
2024-01-19 12:00:00,162.96115,162.91599,162.82536,162.8549,5967
2024-01-19 13:00:00,162.8549,162.93239,162.87454,162.90944,6722
2024-01-19 14:00:00,162.90944,162.98059,162.89931,162.9393,5444
2024-01-19 15:00:00,162.9393,162.96534,162.85068,162.86275,3787
2024-01-19 16:00:00,162.86275,162.85793,162.7444,162.82091,9858
2024-01-19 17:00:00,162.82091,162.73505,162.70467,162.7347,9792
2024-01-19 18:00:00,162.7347,162.7613,162.66509,162.7296,3451
2024-01-19 19:00:00,162.7296,162.81942,162.79999,162.80733,4696
2024-01-19 20:00:00,162.80733,162.81033,162.70648,162.72711,5369
2024-01-19 21:00:00,162.72711,162.85799,162.6895,162.76813,4008
2024-01-19 22:00:00,162.76813,162.75964,162.6958,162.72498,4699
2024-01-19 23:00:00,162.72498,162.69971,162.62407,162.66048,6520
2024-01-20 00:00:00,162.66048,162.67332,162.60957,162.65178,3780
2024-01-20 01:00:00,162.65178,162.64971,162.5419,162.56761,3871
2024-01-20 02:00:00,162.56761,162.54939,162.39417,162.52261,2132
2024-01-20 03:00:00,162.52261,162.46327,162.41114,162.4253,7297
2024-01-20 04:00:00,162.4253,162.59416,162.53998,162.58494,3179
2024-01-20 05:00:00,162.58494,162.657,162.57738,162.5878,7696
2024-01-20 06:00:00,162.5878,162.56731,162.45169,162.53093,5570
2024-01-20 07:00:00,162.53093,162.67531,162.53862,162.54832,4607
2024-01-20 08:00:00,162.54832,162.5908,162.51577,162.53919,1289
2024-01-20 09:00:00,162.53919,162.52657,162.46992,162.52123,8415
2024-01-20 10:00:00,162.52123,162.58912,162.56239,162.57115,5958
2024-01-20 11:00:00,162.57115,162.6497,162.60896,162.63273,1824
2024-01-20 12:00:00,162.63273,162.6213,162.58307,162.5896,6445
2024-01-20 13:00:00,162.5896,162.57847,162.4929,162.5428,5307
2024-01-20 14:00:00,162.5428,162.55357,162.46443,162.52045,4240
2024-01-20 15:00:00,162.52045,162.34576,162.27829,162.3335,9497
2024-01-20 16:00:00,162.3335,162.25212,162.16562,162.21056,8352
2024-01-20 17:00:00,162.21056,162.35961,162.30921,162.32146,4811
2024-01-20 18:00:00,162.32146,162.52616,162.37119,162.45502,9463
2024-01-20 19:00:00,162.45502,162.43895,162.39541,162.43479,4273
2024-01-20 20:00:00,162.43479,162.56685,162.47514,162.48163,4551
2024-01-20 21:00:00,162.48163,162.58436,162.46826,162.50692,1152
2024-01-20 22:00:00,162.50692,162.76568,162.70556,162.75728,3800
2024-01-20 23:00:00,162.75728,162.94591,162.69648,162.84841,2104
2024-01-21 00:00:00,162.84841,162.89085,162.78937,162.838,2914
2024-01-21 01:00:00,162.838,162.77362,162.74946,162.76022,1166
2024-01-21 02:00:00,162.76022,162.64992,162.58357,162.62954,4489
2024-01-21 03:00:00,162.62954,162.67223,162.61973,162.64608,6260
2024-01-21 04:00:00,162.64608,162.61589,162.53026,162.58459,3292
2024-01-21 05:00:00,162.58459,162.49043,162.43104,162.46901,2903
2024-01-21 06:00:00,162.46901,162.44737,162.41221,162.41649,5160
2024-01-21 07:00:00,162.41649,162.33759,162.23299,162.32869,4171
2024-01-21 08:00:00,162.32869,162.49958,162.42429,162.46568,7033
2024-01-21 09:00:00,162.46568,162.5498,162.52155,162.53731,2293
2024-01-21 10:00:00,162.53731,162.53929,162.39412,162.53667,5997
2024-01-21 11:00:00,162.53667,162.68141,162.65455,162.65698,3240
2024-01-21 12:00:00,162.65698,162.6721,162.5682,162.66328,1999
2024-01-21 13:00:00,162.66328,162.61724,162.56758,162.59324,9850
2024-01-21 14:00:00,162.59324,162.76575,162.70345,162.71711,2481
2024-01-21 15:00:00,162.71711,162.78929,162.71159,162.76096,4093
2024-01-21 16:00:00,162.76096,162.7283,162.64646,162.67657,4277
2024-01-21 17:00:00,162.67657,162.71534,162.56668,162.66109,8951
2024-01-21 18:00:00,162.66109,162.59121,162.58493,162.58989,5595
2024-01-21 19:00:00,162.58989,162.49552,162.47053,162.47752,1112
2024-01-21 20:00:00,162.47752,162.55544,162.54108,162.55278,1139
2024-01-21 21:00:00,162.55278,162.78235,162.65373,162.70804,7043
2024-01-21 22:00:00,162.70804,162.62773,162.58691,162.5943,4104
2024-01-21 23:00:00,162.5943,162.66622,162.55677,162.64008,1018
2024-01-22 00:00:00,162.64008,162.61207,162.57685,162.58717,3606
2024-01-22 01:00:00,162.58717,162.55561,162.5456,162.54758,4765
2024-01-22 02:00:00,162.54758,162.52669,162.48286,162.49944,7358
2024-01-22 03:00:00,162.49944,162.50334,162.40515,162.42926,5855
2024-01-22 04:00:00,162.42926,162.43453,162.42017,162.4332,1201
2024-01-22 05:00:00,162.4332,162.37695,162.32071,162.36572,2988
2024-01-22 06:00:00,162.36572,162.4043,162.32496,162.38768,4802
2024-01-22 07:00:00,162.38768,162.42244,162.38181,162.3836,7241
2024-01-22 08:00:00,162.3836,162.44932,162.35797,162.3642,6755
2024-01-22 09:00:00,162.3642,162.38167,162.26672,162.29054,9345
2024-01-22 10:00:00,162.29054,162.27888,162.23514,162.24375,2518
2024-01-22 11:00:00,162.24375,162.3091,162.296,162.30504,3195
2024-01-22 12:00:00,162.30504,162.4272,162.28041,162.34569,3849
2024-01-22 13:00:00,162.34569,162.31041,162.19553,162.26636,2306
2024-01-22 14:00:00,162.26636,162.33235,162.22507,162.27442,5195
2024-01-22 15:00:00,162.27442,162.44036,162.28779,162.3354,5757
2024-01-22 16:00:00,162.3354,162.22904,162.1367,162.19995,3461
2024-01-22 17:00:00,162.19995,162.28611,162.16151,162.24403,5396
2024-01-22 18:00:00,162.24403,162.26478,162.16526,162.19028,8331
2024-01-22 19:00:00,162.19028,162.27345,162.16554,162.23656,8071
2024-01-22 20:00:00,162.23656,162.21671,162.1678,162.17466,8674
2024-01-22 21:00:00,162.17466,162.04105,162.01393,162.02837,3426
2024-01-22 22:00:00,162.02837,161.98155,161.82947,161.89657,3424
2024-01-22 23:00:00,161.89657,161.95969,161.85013,161.90046,9560
2024-01-23 00:00:00,161.90046,161.96876,161.83029,161.92149,4901
2024-01-23 01:00:00,161.92149,161.92671,161.79988,161.84829,2629
2024-01-23 02:00:00,161.84829,161.92425,161.87705,161.89998,8610
2024-01-23 03:00:00,161.89998,161.81002,161.73191,161.76553,2993
2024-01-23 04:00:00,161.76553,161.84156,161.7557,161.76019,1602
2024-01-23 05:00:00,161.76019,161.69929,161.66043,161.66227,1489
2024-01-23 06:00:00,161.66227,161.6763,161.59313,161.60959,8786
2024-01-23 07:00:00,161.60959,161.69671,161.59961,161.61342,3912
2024-01-23 08:00:00,161.61342,161.55863,161.50894,161.54391,4258
2024-01-23 09:00:00,161.54391,161.61661,161.47648,161.51285,5458
2024-01-23 10:00:00,161.51285,161.64526,161.57299,161.59413,1679
2024-01-23 11:00:00,161.59413,161.6441,161.51038,161.54753,6668
2024-01-23 12:00:00,161.54753,161.63427,161.54733,161.61505,1062
2024-01-23 13:00:00,161.61505,161.547,161.43784,161.52378,8352
2024-01-23 14:00:00,161.52378,161.5858,161.50289,161.56658,9326
2024-01-23 15:00:00,161.56658,161.68375,161.64962,161.68307,9003
2024-01-23 16:00:00,161.68307,161.51637,161.4397,161.48339,4074
2024-01-23 17:00:00,161.48339,161.50376,161.36975,161.41906,8552
2024-01-23 18:00:00,161.41906,161.5377,161.46151,161.46564,3068
2024-01-23 19:00:00,161.46564,161.49071,161.40286,161.44925,1802
2024-01-23 20:00:00,161.44925,161.48425,161.44144,161.47921,5841
2024-01-23 21:00:00,161.47921,161.53432,161.40465,161.43045,4927
2024-01-23 22:00:00,161.43045,161.4698,161.38874,161.43744,3591
2024-01-23 23:00:00,161.43744,161.45206,161.39551,161.42488,7121
2024-01-24 00:00:00,161.42488,161.58749,161.48134,161.51916,8024
2024-01-24 01:00:00,161.51916,161.55084,161.49844,161.53971,3594
2024-01-24 02:00:00,161.53971,161.58192,161.46245,161.56698,1086
2024-01-24 03:00:00,161.56698,161.54218,161.52573,161.53371,7968
2024-01-24 04:00:00,161.53371,161.60681,161.4427,161.49433,7815
2024-01-24 05:00:00,161.49433,161.50964,161.42338,161.4594,7038
2024-01-24 06:00:00,161.4594,161.56852,161.46865,161.49125,1596
2024-01-24 07:00:00,161.49125,161.50453,161.41278,161.45726,5757
2024-01-24 08:00:00,161.45726,161.58052,161.45397,161.48066,5733
2024-01-24 09:00:00,161.48066,161.68272,161.58728,161.64831,9306
2024-01-24 10:00:00,161.64831,161.72387,161.64464,161.71874,8178
2024-01-24 11:00:00,161.71874,161.7592,161.66498,161.69238,4453
2024-01-24 12:00:00,161.69238,161.79498,161.76792,161.78952,6628
2024-01-24 13:00:00,161.78952,161.82921,161.73209,161.75651,4552
2024-01-24 14:00:00,161.75651,161.68246,161.57287,161.59176,7318
2024-01-24 15:00:00,161.59176,161.54702,161.47892,161.51033,6618
2024-01-24 16:00:00,161.51033,161.46758,161.2923,161.35932,5188
2024-01-24 17:00:00,161.35932,161.38004,161.32682,161.33096,6552
2024-01-24 18:00:00,161.33096,161.36912,161.33209,161.33245,5390
2024-01-24 19:00:00,161.33245,161.48874,161.42869,161.46774,6388
2024-01-24 20:00:00,161.46774,161.53572,161.48277,161.49413,6126
2024-01-24 21:00:00,161.49413,161.50247,161.4118,161.47644,7314
2024-01-24 22:00:00,161.47644,161.54564,161.50635,161.54342,8374
2024-01-24 23:00:00,161.54342,161.37763,161.3473,161.36492,4893
2024-01-25 00:00:00,161.36492,161.39752,161.29879,161.38393,4904
2024-01-25 01:00:00,161.38393,161.49769,161.44134,161.44615,7773
2024-01-25 02:00:00,161.44615,161.3384,161.25762,161.32684,5434
2024-01-25 03:00:00,161.32684,161.43664,161.36027,161.41912,5994
2024-01-25 04:00:00,161.41912,161.44823,161.43683,161.44645,3104
2024-01-25 05:00:00,161.44645,161.42628,161.36737,161.41293,7328
2024-01-25 06:00:00,161.41293,161.49615,161.44154,161.464,5780
2024-01-25 07:00:00,161.464,161.68557,161.50613,161.64742,9181
2024-01-25 08:00:00,161.64742,161.75313,161.63207,161.66212,1002
2024-01-25 09:00:00,161.66212,161.74303,161.61084,161.68219,6626
2024-01-25 10:00:00,161.68219,161.667,161.63876,161.64506,7239
2024-01-25 11:00:00,161.64506,161.58652,161.4741,161.57639,1670
2024-01-25 12:00:00,161.57639,161.67252,161.61107,161.64348,6167
2024-01-25 13:00:00,161.64348,161.642,161.55421,161.57431,3854
2024-01-25 14:00:00,161.57431,161.63468,161.54261,161.58009,6330
2024-01-25 15:00:00,161.58009,161.60951,161.50768,161.5415,5678
2024-01-25 16:00:00,161.5415,161.63989,161.51682,161.5802,2925
2024-01-25 17:00:00,161.5802,161.62441,161.59658,161.60715,1990
2024-01-25 18:00:00,161.60715,161.77347,161.63903,161.69101,9995
2024-01-25 19:00:00,161.69101,161.65644,161.59342,161.64979,4645
2024-01-25 20:00:00,161.64979,161.63245,161.56896,161.62797,4340
2024-01-25 21:00:00,161.62797,161.58791,161.47594,161.5489,1615
2024-01-25 22:00:00,161.5489,161.56581,161.47499,161.51301,1954
2024-01-25 23:00:00,161.51301,161.58916,161.50178,161.54348,6455
2024-01-26 00:00:00,161.54348,161.61542,161.5814,161.60464,7539
2024-01-26 01:00:00,161.60464,161.61825,161.42965,161.53014,8485
2024-01-26 02:00:00,161.53014,161.63228,161.55897,161.60039,5334
2024-01-26 03:00:00,161.60039,161.774,161.67469,161.70997,7204
2024-01-26 04:00:00,161.70997,161.80044,161.69997,161.7434,5251
2024-01-26 05:00:00,161.7434,161.98097,161.88098,161.89525,1922
2024-01-26 06:00:00,161.89525,161.90671,161.80263,161.83262,4046
2024-01-26 07:00:00,161.83262,161.76173,161.7063,161.73194,8647
2024-01-26 08:00:00,161.73194,161.62195,161.55995,161.58817,4940
2024-01-26 09:00:00,161.58817,161.7402,161.68701,161.70909,9960
2024-01-26 10:00:00,161.70909,161.8445,161.74941,161.762,5500
2024-01-26 11:00:00,161.762,161.80507,161.74024,161.75751,4759
2024-01-26 12:00:00,161.75751,161.81311,161.76549,161.78015,9092
2024-01-26 13:00:00,161.78015,161.78114,161.65406,161.68914,7033
2024-01-26 14:00:00,161.68914,161.90977,161.85568,161.88698,2205
2024-01-26 15:00:00,161.88698,162.01641,161.84031,161.89744,7396
2024-01-26 16:00:00,161.89744,161.91466,161.903,161.9063,3964
2024-01-26 17:00:00,161.9063,161.98128,161.89551,161.96506,7644
2024-01-26 18:00:00,161.96506,162.03425,161.93943,162.00402,1991
2024-01-26 19:00:00,162.00402,162.05961,162.00268,162.02216,4839
2024-01-26 20:00:00,162.02216,162.01019,161.85998,161.95813,5804
2024-01-26 21:00:00,161.95813,162.00843,161.94553,161.99632,1067
2024-01-26 22:00:00,161.99632,162.23487,162.12489,162.14883,8082
2024-01-26 23:00:00,162.14883,162.33834,162.16673,162.25794,7039
2024-01-27 00:00:00,162.25794,162.45969,162.31912,162.38725,3587
2024-01-27 01:00:00,162.38725,162.41738,162.33887,162.34575,6780
2024-01-27 02:00:00,162.34575,162.29589,162.22234,162.26544,5383
2024-01-27 03:00:00,162.26544,162.35035,162.23061,162.25523,7837
2024-01-27 04:00:00,162.25523,162.28693,162.25195,162.25975,4716
2024-01-27 05:00:00,162.25975,162.35622,162.32486,162.34855,3904
2024-01-27 06:00:00,162.34855,162.27505,162.169,162.21122,7982
2024-01-27 07:00:00,162.21122,162.39406,162.31714,162.33533,8086
2024-01-27 08:00:00,162.33533,162.35354,162.31924,162.3225,4505
2024-01-27 09:00:00,162.3225,162.36352,162.24628,162.28786,5875
2024-01-27 10:00:00,162.28786,162.2985,162.18321,162.20575,3690
2024-01-27 11:00:00,162.20575,162.09292,162.06506,162.07159,5108
2024-01-27 12:00:00,162.07159,162.15005,162.08233,162.13831,3789
2024-01-27 13:00:00,162.13831,162.17575,162.13361,162.14426,9135
2024-01-27 14:00:00,162.14426,162.04915,161.99906,162.03971,8175
2024-01-27 15:00:00,162.03971,161.94486,161.89894,161.93482,7582
2024-01-27 16:00:00,161.93482,161.92376,161.86882,161.90763,3566
2024-01-27 17:00:00,161.90763,162.06428,162.04273,162.0428,6047
2024-01-27 18:00:00,162.0428,162.05237,161.98268,162.02177,7231
2024-01-27 19:00:00,162.02177,161.92935,161.86913,161.90005,1464
2024-01-27 20:00:00,161.90005,161.89417,161.87652,161.88016,8431
2024-01-27 21:00:00,161.88016,161.87528,161.81614,161.85808,6750
2024-01-27 22:00:00,161.85808,161.71935,161.5912,161.63997,7953
2024-01-27 23:00:00,161.63997,161.66789,161.62697,161.63559,3411
2024-01-28 00:00:00,161.63559,161.62158,161.55524,161.61692,5145
2024-01-28 01:00:00,161.61692,161.69701,161.65938,161.67319,7628
2024-01-28 02:00:00,161.67319,161.83892,161.82173,161.82272,9775
2024-01-28 03:00:00,161.82272,161.99659,161.89142,161.9139,7026
2024-01-28 04:00:00,161.9139,161.95057,161.84153,161.89214,1861
2024-01-28 05:00:00,161.89214,161.87128,161.73949,161.80259,2036
2024-01-28 06:00:00,161.80259,162.02935,161.99477,162.01091,7079
2024-01-28 07:00:00,162.01091,162.03947,162.00218,162.01571,8542
2024-01-28 08:00:00,162.01571,162.05821,161.9439,162.01684,8357
2024-01-28 09:00:00,162.01684,162.02638,161.96322,162.01488,2447
2024-01-28 10:00:00,162.01488,162.08342,161.97619,162.03093,7059
2024-01-28 11:00:00,162.03093,162.02388,161.9329,162.01924,4216
2024-01-28 12:00:00,162.01924,161.98798,161.97094,161.97277,8657
2024-01-28 13:00:00,161.97277,161.9861,161.81569,161.92849,6208
2024-01-28 14:00:00,161.92849,162.01486,161.88629,161.92584,9080
2024-01-28 15:00:00,161.92584,161.90196,161.84271,161.88185,7974
2024-01-28 16:00:00,161.88185,161.8326,161.77371,161.82416,4103
2024-01-28 17:00:00,161.82416,161.84631,161.79174,161.83277,8124
2024-01-28 18:00:00,161.83277,161.89479,161.80851,161.81214,1446
2024-01-28 19:00:00,161.81214,162.02338,161.90535,161.93387,7587
2024-01-28 20:00:00,161.93387,161.76553,161.70159,161.71937,8185
2024-01-28 21:00:00,161.71937,161.82578,161.77325,161.80765,1186
2024-01-28 22:00:00,161.80765,161.93237,161.89174,161.9085,2932
2024-01-28 23:00:00,161.9085,161.82463,161.73713,161.74073,2881
2024-01-29 00:00:00,161.74073,161.72582,161.66438,161.71302,7139
2024-01-29 01:00:00,161.71302,161.78469,161.64109,161.68299,2695
2024-01-29 02:00:00,161.68299,161.60171,161.54981,161.56925,7263
2024-01-29 03:00:00,161.56925,161.53495,161.46586,161.50642,8579
2024-01-29 04:00:00,161.50642,161.54141,161.40445,161.41677,1719
2024-01-29 05:00:00,161.41677,161.57669,161.549,161.55825,7855
2024-01-29 06:00:00,161.55825,161.73296,161.58864,161.63385,5482
2024-01-29 07:00:00,161.63385,161.75144,161.70079,161.73665,6918
2024-01-29 08:00:00,161.73665,161.88493,161.75447,161.79502,1307
2024-01-29 09:00:00,161.79502,161.75718,161.67065,161.70371,5820
2024-01-29 10:00:00,161.70371,161.67879,161.63517,161.6613,7531
2024-01-29 11:00:00,161.6613,161.72681,161.64125,161.70086,1336
2024-01-29 12:00:00,161.70086,161.60896,161.54469,161.60209,1910
2024-01-29 13:00:00,161.60209,161.69057,161.6147,161.65971,6447
2024-01-29 14:00:00,161.65971,161.6857,161.6079,161.64028,2134
2024-01-29 15:00:00,161.64028,161.61337,161.56684,161.60999,9347
2024-01-29 16:00:00,161.60999,161.69688,161.64525,161.66745,1721
2024-01-29 17:00:00,161.66745,161.79492,161.69757,161.70337,7751
2024-01-29 18:00:00,161.70337,161.74507,161.63188,161.67418,3828
2024-01-29 19:00:00,161.67418,161.82282,161.73152,161.76793,2647
2024-01-29 20:00:00,161.76793,161.68736,161.57717,161.68051,7771
2024-01-29 21:00:00,161.68051,161.74862,161.63202,161.73031,4435
2024-01-29 22:00:00,161.73031,161.80987,161.77819,161.77828,8069
2024-01-29 23:00:00,161.77828,161.85438,161.66955,161.75324,2717
2024-01-30 00:00:00,161.75324,161.81735,161.74597,161.77962,4871
2024-01-30 01:00:00,161.77962,161.69054,161.63511,161.67845,9263
2024-01-30 02:00:00,161.67845,161.76408,161.72961,161.75317,4303
2024-01-30 03:00:00,161.75317,161.83101,161.69628,161.73821,2504
2024-01-30 04:00:00,161.73821,161.73253,161.6417,161.69595,4924
2024-01-30 05:00:00,161.69595,161.8504,161.72946,161.78078,9684
2024-01-30 06:00:00,161.78078,161.72857,161.66094,161.72381,5322
2024-01-30 07:00:00,161.72381,161.6911,161.57812,161.60996,8282
2024-01-30 08:00:00,161.60996,161.54277,161.40173,161.48423,2051
2024-01-30 09:00:00,161.48423,161.54922,161.50732,161.53317,7320
2024-01-30 10:00:00,161.53317,161.47221,161.35846,161.42978,2517
2024-01-30 11:00:00,161.42978,161.60368,161.52875,161.57148,6869
2024-01-30 12:00:00,161.57148,161.40864,161.36468,161.40338,5992
2024-01-30 13:00:00,161.40338,161.55628,161.539,161.54035,5567
2024-01-30 14:00:00,161.54035,161.58843,161.54816,161.55739,1183
2024-01-30 15:00:00,161.55739,161.60267,161.53512,161.54958,7797
2024-01-30 16:00:00,161.54958,161.5467,161.50047,161.50557,6698
2024-01-30 17:00:00,161.50557,161.54686,161.45879,161.5378,2096
2024-01-30 18:00:00,161.5378,161.57473,161.49522,161.53476,9002
2024-01-30 19:00:00,161.53476,161.65537,161.60709,161.6239,4354
2024-01-30 20:00:00,161.6239,161.66394,161.57895,161.63313,7305
2024-01-30 21:00:00,161.63313,161.66388,161.59901,161.64528,8299
2024-01-30 22:00:00,161.64528,161.67095,161.56225,161.61589,1128
2024-01-30 23:00:00,161.61589,161.69227,161.59016,161.61129,4970
2024-01-31 00:00:00,161.61129,161.67671,161.54477,161.63616,6552
2024-01-31 01:00:00,161.63616,161.51817,161.47811,161.49801,3044
2024-01-31 02:00:00,161.49801,161.47733,161.37611,161.38918,9185
2024-01-31 03:00:00,161.38918,161.48697,161.37047,161.44917,8192
2024-01-31 04:00:00,161.44917,161.50711,161.45784,161.46297,8279
2024-01-31 05:00:00,161.46297,161.4923,161.43898,161.44811,3773
2024-01-31 06:00:00,161.44811,161.54145,161.43896,161.4496,8409
2024-01-31 07:00:00,161.4496,161.50986,161.47325,161.47766,4783
2024-01-31 08:00:00,161.47766,161.45669,161.40956,161.43409,3052
2024-01-31 09:00:00,161.43409,161.40669,161.35925,161.37128,4932
2024-01-31 10:00:00,161.37128,161.40269,161.37628,161.38708,8616
2024-01-31 11:00:00,161.38708,161.35108,161.23485,161.30815,6898
2024-01-31 12:00:00,161.30815,161.38716,161.33733,161.34108,2625
2024-01-31 13:00:00,161.34108,161.23656,161.16556,161.20379,8036
2024-01-31 14:00:00,161.20379,161.37908,161.24513,161.28677,7686
2024-01-31 15:00:00,161.28677,161.33115,161.31028,161.32488,6558
2024-01-31 16:00:00,161.32488,161.39764,161.33482,161.34554,7837
2024-01-31 17:00:00,161.34554,161.43806,161.40337,161.42483,5117
2024-01-31 18:00:00,161.42483,161.66421,161.54338,161.55931,7845
2024-01-31 19:00:00,161.55931,161.66957,161.59092,161.64127,9848
2024-01-31 20:00:00,161.64127,161.51391,161.44214,161.49256,5524
2024-01-31 21:00:00,161.49256,161.41112,161.36256,161.38927,1071
2024-01-31 22:00:00,161.38927,161.36231,161.31652,161.33886,8962
2024-01-31 23:00:00,161.33886,161.37555,161.29755,161.34097,2015
2024-02-01 00:00:00,161.34097,161.39195,161.36098,161.38273,8384
2024-02-01 01:00:00,161.38273,161.35517,161.31697,161.32418,1985
2024-02-01 02:00:00,161.32418,161.39478,161.32412,161.33925,7289
2024-02-01 03:00:00,161.33925,161.30439,161.2681,161.27832,8566
2024-02-01 04:00:00,161.27832,161.25853,161.22142,161.22902,2003
2024-02-01 05:00:00,161.22902,161.16553,161.05061,161.11566,2939
2024-02-01 06:00:00,161.11566,161.14688,160.98604,161.0413,2895
2024-02-01 07:00:00,161.0413,160.96325,160.84281,160.9325,2073
2024-02-01 08:00:00,160.9325,160.86792,160.81617,160.85399,2956
2024-02-01 09:00:00,160.85399,160.94675,160.90596,160.93876,4907
2024-02-01 10:00:00,160.93876,160.88444,160.85974,160.86238,5524
2024-02-01 11:00:00,160.86238,161.07903,161.00092,161.07424,6313
2024-02-01 12:00:00,161.07424,161.18718,161.09844,161.11398,5887
2024-02-01 13:00:00,161.11398,161.17209,161.10486,161.12887,7726
2024-02-01 14:00:00,161.12887,161.12595,160.99066,161.05973,5066
2024-02-01 15:00:00,161.05973,161.12928,161.08714,161.11614,6316
2024-02-01 16:00:00,161.11614,161.09339,161.00458,161.06977,5266
2024-02-01 17:00:00,161.06977,161.09421,161.04322,161.0796,9069
2024-02-01 18:00:00,161.0796,161.29822,161.26791,161.28592,3053
2024-02-01 19:00:00,161.28592,161.30985,161.25527,161.27817,2447
2024-02-01 20:00:00,161.27817,161.45424,161.35333,161.37088,3671
2024-02-01 21:00:00,161.37088,161.32156,161.2662,161.31415,4177
2024-02-01 22:00:00,161.31415,161.3159,161.29102,161.31133,1808
2024-02-01 23:00:00,161.31133,161.47609,161.43651,161.45422,8701
2024-02-02 00:00:00,161.45422,161.41864,161.35669,161.40361,3806
2024-02-02 01:00:00,161.40361,161.5535,161.53364,161.54994,9790
2024-02-02 02:00:00,161.54994,161.72046,161.54086,161.60712,2814
2024-02-02 03:00:00,161.60712,161.56676,161.43065,161.56168,3971
2024-02-02 04:00:00,161.56168,161.62183,161.56162,161.61277,4096
2024-02-02 05:00:00,161.61277,161.72311,161.64933,161.69138,7782
2024-02-02 06:00:00,161.69138,161.79662,161.72495,161.74166,6578
2024-02-02 07:00:00,161.74166,161.63854,161.59737,161.61473,7197
2024-02-02 08:00:00,161.61473,161.57479,161.48866,161.55598,6874
2024-02-02 09:00:00,161.55598,161.55337,161.53203,161.53599,2881
2024-02-02 10:00:00,161.53599,161.58323,161.49062,161.52997,3345
2024-02-02 11:00:00,161.52997,161.66403,161.50764,161.58011,6877
2024-02-02 12:00:00,161.58011,161.67852,161.57794,161.59447,3330
2024-02-02 13:00:00,161.59447,161.56239,161.4667,161.48661,2902
2024-02-02 14:00:00,161.48661,161.58519,161.51438,161.51731,3059
2024-02-02 15:00:00,161.51731,161.62295,161.55166,161.56663,1464
2024-02-02 16:00:00,161.56663,161.64268,161.58525,161.61186,6956
2024-02-02 17:00:00,161.61186,161.70609,161.67477,161.69921,7543
2024-02-02 18:00:00,161.69921,161.82552,161.7059,161.76665,8347
2024-02-02 19:00:00,161.76665,161.9449,161.7856,161.8038,5290
2024-02-02 20:00:00,161.8038,161.89216,161.79054,161.79812,6555
2024-02-02 21:00:00,161.79812,161.67603,161.60628,161.6638,5159
2024-02-02 22:00:00,161.6638,161.72413,161.68585,161.69854,9476
2024-02-02 23:00:00,161.69854,161.7376,161.68163,161.71533,4969
2024-02-03 00:00:00,161.71533,161.81968,161.69531,161.73729,8108
2024-02-03 01:00:00,161.73729,161.64929,161.57537,161.63407,2810
2024-02-03 02:00:00,161.63407,161.59256,161.51725,161.54673,2909
2024-02-03 03:00:00,161.54673,161.6572,161.61603,161.63182,1931
2024-02-03 04:00:00,161.63182,161.67044,161.61211,161.62862,4406
2024-02-03 05:00:00,161.62862,161.70876,161.63651,161.6837,9579
2024-02-03 06:00:00,161.6837,161.70869,161.58504,161.68599,1277
2024-02-03 07:00:00,161.68599,161.74645,161.64505,161.6884,6929
2024-02-03 08:00:00,161.6884,161.77621,161.62096,161.76427,5675
2024-02-03 09:00:00,161.76427,161.76586,161.63377,161.72254,6308
2024-02-03 10:00:00,161.72254,161.74811,161.65764,161.73031,2161
2024-02-03 11:00:00,161.73031,161.782,161.65488,161.69293,6983
2024-02-03 12:00:00,161.69293,161.67587,161.6366,161.65781,1244
2024-02-03 13:00:00,161.65781,161.7138,161.60704,161.63282,6002
2024-02-03 14:00:00,161.63282,161.72204,161.63645,161.65078,9497
2024-02-03 15:00:00,161.65078,161.62159,161.53147,161.61208,2371
2024-02-03 16:00:00,161.61208,161.7404,161.65983,161.71359,6300
2024-02-03 17:00:00,161.71359,161.67874,161.60101,161.64127,7553
2024-02-03 18:00:00,161.64127,161.6514,161.61301,161.62617,8498
2024-02-03 19:00:00,161.62617,161.6126,161.54726,161.59064,3537
2024-02-03 20:00:00,161.59064,161.74075,161.7049,161.70759,6856
2024-02-03 21:00:00,161.70759,161.78997,161.68975,161.72348,9745
2024-02-03 22:00:00,161.72348,161.8439,161.74578,161.80694,2260
2024-02-03 23:00:00,161.80694,161.73884,161.67101,161.6868,6672
2024-02-04 00:00:00,161.6868,161.78573,161.62623,161.70839,8240
2024-02-04 01:00:00,161.70839,161.79571,161.77924,161.78033,4809
2024-02-04 02:00:00,161.78033,161.79,161.72735,161.78699,5673
2024-02-04 03:00:00,161.78699,161.94329,161.76605,161.8732,2409
2024-02-04 04:00:00,161.8732,161.84198,161.8276,161.83134,8452
2024-02-04 05:00:00,161.83134,161.96414,161.88315,161.94542,3172
2024-02-04 06:00:00,161.94542,162.13445,162.12206,162.13167,3669
2024-02-04 07:00:00,162.13167,162.11181,162.06346,162.10226,4981
2024-02-04 08:00:00,162.10226,162.08446,162.05103,162.06616,7135
2024-02-04 09:00:00,162.06616,162.22684,162.14982,162.18397,5535
2024-02-04 10:00:00,162.18397,162.34321,162.26059,162.31211,8697
2024-02-04 11:00:00,162.31211,162.3446,162.245,162.26969,9044
2024-02-04 12:00:00,162.26969,162.27848,162.20093,162.2356,6874
2024-02-04 13:00:00,162.2356,162.22433,162.2105,162.21274,8148
2024-02-04 14:00:00,162.21274,162.11357,162.09201,162.10374,9872
2024-02-04 15:00:00,162.10374,162.03335,161.87434,162.02929,8940
2024-02-04 16:00:00,162.02929,161.95844,161.90555,161.94796,1615
2024-02-04 17:00:00,161.94796,161.93486,161.83418,161.88581,1864
2024-02-04 18:00:00,161.88581,161.93895,161.87435,161.883,3237
2024-02-04 19:00:00,161.883,161.95879,161.89543,161.90196,7394
2024-02-04 20:00:00,161.90196,162.09228,162.01651,162.02752,8774
2024-02-04 21:00:00,162.02752,162.01556,161.86947,161.94666,5603
2024-02-04 22:00:00,161.94666,162.05264,161.96096,162.02638,9832
2024-02-04 23:00:00,162.02638,162.03956,161.99505,162.00905,8754
2024-02-05 00:00:00,162.00905,162.04371,161.99611,162.00504,3575
2024-02-05 01:00:00,162.00504,162.08703,162.01038,162.05971,9320
2024-02-05 02:00:00,162.05971,162.05022,161.92282,161.96876,8493
2024-02-05 03:00:00,161.96876,162.08032,161.96152,161.99974,4744
2024-02-05 04:00:00,161.99974,162.05779,161.99734,162.01322,6594
2024-02-05 05:00:00,162.01322,162.06233,162.00485,162.05312,4144
2024-02-05 06:00:00,162.05312,162.0923,162.01188,162.07655,8954
2024-02-05 07:00:00,162.07655,162.31191,162.20557,162.27564,9844
2024-02-05 08:00:00,162.27564,162.27864,162.18836,162.22391,2499
2024-02-05 09:00:00,162.22391,162.28234,162.13147,162.18084,6162
2024-02-05 10:00:00,162.18084,162.14472,162.11864,162.13032,8977
2024-02-05 11:00:00,162.13032,162.17314,162.07579,162.0853,1298
2024-02-05 12:00:00,162.0853,162.07844,161.997,162.03365,5306
2024-02-05 13:00:00,162.03365,162.16652,162.12783,162.13001,2802
2024-02-05 14:00:00,162.13001,162.29893,162.22207,162.2452,3657
2024-02-05 15:00:00,162.2452,162.29481,162.19796,162.19891,1941
2024-02-05 16:00:00,162.19891,162.21362,162.07843,162.13142,2243
2024-02-05 17:00:00,162.13142,162.24699,162.14171,162.16964,1375
2024-02-05 18:00:00,162.16964,162.15888,162.06833,162.12487,2652
2024-02-05 19:00:00,162.12487,162.26022,162.16544,162.17618,5815
2024-02-05 20:00:00,162.17618,162.24258,162.13279,162.19264,6599
2024-02-05 21:00:00,162.19264,162.08359,161.99243,162.06976,8382
2024-02-05 22:00:00,162.06976,162.22705,162.14449,162.19521,1746
2024-02-05 23:00:00,162.19521,162.34521,162.32445,162.34092,8008
2024-02-06 00:00:00,162.34092,162.35208,162.29012,162.29119,9989
2024-02-06 01:00:00,162.29119,162.30734,162.25965,162.25973,2773
2024-02-06 02:00:00,162.25973,162.33907,162.20078,162.28292,1946
2024-02-06 03:00:00,162.28292,162.34955,162.20205,162.31007,9697
2024-02-06 04:00:00,162.31007,162.37192,162.33863,162.36352,2192
2024-02-06 05:00:00,162.36352,162.55457,162.48943,162.52679,6615
2024-02-06 06:00:00,162.52679,162.60001,162.43975,162.51241,9864
2024-02-06 07:00:00,162.51241,162.4612,162.40055,162.44756,2539
2024-02-06 08:00:00,162.44756,162.37649,162.30262,162.33557,9921
2024-02-06 09:00:00,162.33557,162.3137,162.26353,162.27625,1919
2024-02-06 10:00:00,162.27625,162.28256,162.20586,162.27356,6930
2024-02-06 11:00:00,162.27356,162.46121,162.41245,162.41923,6275
2024-02-06 12:00:00,162.41923,162.41475,162.35575,162.3772,9750
2024-02-06 13:00:00,162.3772,162.41117,162.34987,162.39537,5516
2024-02-06 14:00:00,162.39537,162.41867,162.32149,162.39404,4715
2024-02-06 15:00:00,162.39404,162.52096,162.44139,162.49056,6185
2024-02-06 16:00:00,162.49056,162.74944,162.67483,162.69599,1692
2024-02-06 17:00:00,162.69599,162.68188,162.60317,162.65281,1441
2024-02-06 18:00:00,162.65281,162.68822,162.53596,162.61301,3645
2024-02-06 19:00:00,162.61301,162.81958,162.64999,162.69793,8933
2024-02-06 20:00:00,162.69793,162.76253,162.73033,162.75341,3080
2024-02-06 21:00:00,162.75341,162.92325,162.87985,162.90376,1861
2024-02-06 22:00:00,162.90376,162.98432,162.93162,162.95133,9462
2024-02-06 23:00:00,162.95133,162.93657,162.91869,162.92206,1171
2024-02-07 00:00:00,162.92206,162.97662,162.94136,162.97018,1421
2024-02-07 01:00:00,162.97018,163.0749,162.98965,163.06055,5675
2024-02-07 02:00:00,163.06055,163.1588,163.08746,163.12746,7748
2024-02-07 03:00:00,163.12746,163.17163,163.13292,163.16884,7646
2024-02-07 04:00:00,163.16884,163.33041,163.17033,163.25588,6982
2024-02-07 05:00:00,163.25588,163.46272,163.30779,163.35136,9411
2024-02-07 06:00:00,163.35136,163.46502,163.44787,163.46429,5524
2024-02-07 07:00:00,163.46429,163.53861,163.49636,163.51732,6673
2024-02-07 08:00:00,163.51732,163.54246,163.47872,163.50365,4854
2024-02-07 09:00:00,163.50365,163.5368,163.48448,163.51565,9220
2024-02-07 10:00:00,163.51565,163.64074,163.60765,163.61432,3670
2024-02-07 11:00:00,163.61432,163.56437,163.51929,163.5475,9531
2024-02-07 12:00:00,163.5475,163.58901,163.57706,163.57765,1556
2024-02-07 13:00:00,163.57765,163.59727,163.41052,163.54548,4567
2024-02-07 14:00:00,163.54548,163.57961,163.50867,163.54784,2016
2024-02-07 15:00:00,163.54784,163.78247,163.58606,163.65241,3313
2024-02-07 16:00:00,163.65241,163.69037,163.65731,163.66805,2689
2024-02-07 17:00:00,163.66805,163.71039,163.61704,163.67185,9611
2024-02-07 18:00:00,163.67185,163.57626,163.55417,163.5606,6649
2024-02-07 19:00:00,163.5606,163.66927,163.5625,163.62164,2342
2024-02-07 20:00:00,163.62164,163.7311,163.60639,163.67446,5206
2024-02-07 21:00:00,163.67446,163.93916,163.80217,163.85159,8235
2024-02-07 22:00:00,163.85159,163.8318,163.80144,163.82638,6911
2024-02-07 23:00:00,163.82638,163.88977,163.7658,163.84433,4340
2024-02-08 00:00:00,163.84433,163.92677,163.83982,163.86476,5041
2024-02-08 01:00:00,163.86476,164.06313,163.86393,163.99406,5683
2024-02-08 02:00:00,163.99406,163.99525,163.9687,163.98624,2784
2024-02-08 03:00:00,163.98624,164.05784,163.98822,164.00912,6428
2024-02-08 04:00:00,164.00912,164.06451,164.05674,164.05898,5658
2024-02-08 05:00:00,164.05898,164.10759,164.00319,164.07429,8607
2024-02-08 06:00:00,164.07429,164.06707,163.98462,164.03767,5534
2024-02-08 07:00:00,164.03767,164.09977,164.00825,164.05359,2312
2024-02-08 08:00:00,164.05359,164.16309,164.11827,164.14168,4197
2024-02-08 09:00:00,164.14168,164.06531,164.03943,164.05745,1126
2024-02-08 10:00:00,164.05745,164.13134,163.95925,164.06836,2366
2024-02-08 11:00:00,164.06836,164.04377,164.00583,164.01094,7683
2024-02-08 12:00:00,164.01094,164.15651,164.02876,164.10897,3887
2024-02-08 13:00:00,164.10897,164.05133,163.92653,163.98403,6014
2024-02-08 14:00:00,163.98403,163.97028,163.9317,163.93821,4729
2024-02-08 15:00:00,163.93821,164.02719,163.95617,163.96913,6014
2024-02-08 16:00:00,163.96913,164.14988,164.06237,164.09753,4159
2024-02-08 17:00:00,164.09753,164.15144,164.06141,164.09214,3387
2024-02-08 18:00:00,164.09214,164.09789,163.98623,164.04659,5340
2024-02-08 19:00:00,164.04659,164.26877,164.18554,164.20096,8257
2024-02-08 20:00:00,164.20096,164.13617,164.08019,164.08212,7772
2024-02-08 21:00:00,164.08212,163.90985,163.88367,163.90183,2985
2024-02-08 22:00:00,163.90183,164.02839,163.9363,163.93789,3597
2024-02-08 23:00:00,163.93789,163.91008,163.86669,163.89674,3881
2024-02-09 00:00:00,163.89674,163.85688,163.81004,163.81308,7079
2024-02-09 01:00:00,163.81308,163.97877,163.81238,163.87111,2058
2024-02-09 02:00:00,163.87111,163.89296,163.88864,163.89108,3476
2024-02-09 03:00:00,163.89108,163.89677,163.84411,163.84487,4553
2024-02-09 04:00:00,163.84487,163.75103,163.69561,163.74001,5818
2024-02-09 05:00:00,163.74001,163.88687,163.77024,163.81146,8209
2024-02-09 06:00:00,163.81146,163.89285,163.82589,163.86472,8915
2024-02-09 07:00:00,163.86472,163.88142,163.79399,163.8566,9536
2024-02-09 08:00:00,163.8566,164.1125,163.94245,164.00796,6753
2024-02-09 09:00:00,164.00796,163.94778,163.88038,163.92023,2033
2024-02-09 10:00:00,163.92023,163.86842,163.79062,163.79525,6051
2024-02-09 11:00:00,163.79525,163.81664,163.66588,163.73859,2191
2024-02-09 12:00:00,163.73859,163.78734,163.70518,163.73486,1271
2024-02-09 13:00:00,163.73486,163.78731,163.66003,163.75478,4332
2024-02-09 14:00:00,163.75478,163.82852,163.69799,163.73503,4841
2024-02-09 15:00:00,163.73503,163.80481,163.73072,163.76385,5712
2024-02-09 16:00:00,163.76385,163.67791,163.65024,163.66141,2140
2024-02-09 17:00:00,163.66141,163.86869,163.72758,163.7796,8675
2024-02-09 18:00:00,163.7796,163.81177,163.73426,163.77287,1571
2024-02-09 19:00:00,163.77287,163.8919,163.85517,163.86438,1178
2024-02-09 20:00:00,163.86438,163.91434,163.84805,163.89247,5588
2024-02-09 21:00:00,163.89247,163.98866,163.8859,163.9299,1731
2024-02-09 22:00:00,163.9299,163.9777,163.90474,163.97661,3933
2024-02-09 23:00:00,163.97661,164.06424,163.94344,164.01332,8099
2024-02-10 00:00:00,164.01332,164.10705,164.03462,164.06604,5239
2024-02-10 01:00:00,164.06604,164.198,164.15314,164.17511,5312
2024-02-10 02:00:00,164.17511,164.24635,164.15461,164.19124,8088
2024-02-10 03:00:00,164.19124,164.31044,164.18151,164.24946,2167
2024-02-10 04:00:00,164.24946,164.29086,164.24036,164.24209,4655
2024-02-10 05:00:00,164.24209,164.36935,164.32297,164.36039,7738
2024-02-10 06:00:00,164.36039,164.32342,164.26946,164.30482,2030
2024-02-10 07:00:00,164.30482,164.47297,164.42566,164.45283,4992
2024-02-10 08:00:00,164.45283,164.47072,164.40597,164.44953,2462
2024-02-10 09:00:00,164.44953,164.44141,164.33149,164.33193,8037
2024-02-10 10:00:00,164.33193,164.39126,164.31212,164.34246,6308
2024-02-10 11:00:00,164.34246,164.34529,164.22451,164.2865,8389
2024-02-10 12:00:00,164.2865,164.40228,164.32084,164.35557,4968
2024-02-10 13:00:00,164.35557,164.33942,164.29318,164.30195,9181
2024-02-10 14:00:00,164.30195,164.29257,164.24719,164.2653,4829
2024-02-10 15:00:00,164.2653,164.14928,164.08921,164.11018,2754
2024-02-10 16:00:00,164.11018,164.0761,164.07099,164.07307,4158
2024-02-10 17:00:00,164.07307,163.891,163.85791,163.87434,7004
2024-02-10 18:00:00,163.87434,163.8047,163.66137,163.74461,3212
2024-02-10 19:00:00,163.74461,163.92901,163.79387,163.80688,2412
2024-02-10 20:00:00,163.80688,163.87865,163.83843,163.87125,8437
2024-02-10 21:00:00,163.87125,163.96602,163.85412,163.90612,3939
2024-02-10 22:00:00,163.90612,163.85499,163.81054,163.82689,5813
2024-02-10 23:00:00,163.82689,163.84825,163.81274,163.82298,7414
2024-02-11 00:00:00,163.82298,163.84157,163.79704,163.82269,4662
2024-02-11 01:00:00,163.82269,163.77678,163.69199,163.72783,9543
2024-02-11 02:00:00,163.72783,163.8553,163.84452,163.85095,9737
2024-02-11 03:00:00,163.85095,163.99346,163.85814,163.92284,8265
2024-02-11 04:00:00,163.92284,163.9117,163.84281,163.90474,4998
2024-02-11 05:00:00,163.90474,163.91773,163.85844,163.90694,3061
2024-02-11 06:00:00,163.90694,163.93458,163.89639,163.92402,5435
2024-02-11 07:00:00,163.92402,163.8255,163.73799,163.75676,8951
2024-02-11 08:00:00,163.75676,163.75771,163.69338,163.73652,8440
2024-02-11 09:00:00,163.73652,163.69063,163.65408,163.6807,7468
2024-02-11 10:00:00,163.6807,163.6534,163.50328,163.59875,7852
2024-02-11 11:00:00,163.59875,163.60988,163.43422,163.57575,8893
2024-02-11 12:00:00,163.57575,163.75795,163.69724,163.72285,3925
2024-02-11 13:00:00,163.72285,163.79366,163.74434,163.77532,7240
2024-02-11 14:00:00,163.77532,163.77942,163.67417,163.72855,4153
2024-02-11 15:00:00,163.72855,163.7817,163.76447,163.77543,2128
