time,open,high,low,close,volume
2015-10-10T20:00:00,184.066,184.718,181.83,184.422,0
2015-10-17T20:00:00,184.251,186.292,183.825,185.926,0
2015-10-24T20:00:00,186.03,186.718,183.868,186.112,0
2015-10-31T20:00:00,185.949,187.692,184.285,185.291,0
2015-11-07T19:00:00,185.499,187.504,185.364,186.803,0
2015-11-14T19:00:00,186.263,188.801,185.989,186.52,0
2015-11-21T19:00:00,186.506,186.962,184.236,184.598,0
2015-11-28T19:00:00,184.636,186.236,183.963,185.918,0
2015-12-05T19:00:00,186.125,186.335,183.364,184.037,0
2015-12-12T19:00:00,184.205,184.382,180.557,180.564,0
2015-12-19T19:00:00,180.545,181.215,178.951,179.471,0
2015-12-26T19:00:00,179.029,180.04,176.954,177.061,0
2016-01-02T19:00:00,177.139,177.359,170.373,170.494,0
2016-01-09T19:00:00,170.122,172.271,166.235,166.756,0
2016-01-16T19:00:00,166.533,170.352,163.971,169.356,0
2016-01-23T19:00:00,169.36,174.165,166.968,172.456,0
2016-01-30T19:00:00,172.776,175.008,168.973,169.386,0
2016-02-06T19:00:00,169.327,170.619,159.802,164.141,0
2016-02-13T19:00:00,164.267,166.078,160.722,162.005,0
2016-02-20T19:00:00,160.75,161.552,154.709,158.066,0
2016-02-27T19:00:00,157.903,162.432,156.144,161.856,0
2016-03-05T19:00:00,161.965,164.093,159.469,163.684,0
2016-03-12T19:00:00,163.777,163.967,158.998,161.521,0
2016-03-19T20:00:00,161.177,161.486,158.432,159.689,0
2016-03-26T20:00:00,159.815,162.571,158.704,158.715,0
2016-04-02T20:00:00,158.655,159.573,151.638,152.672,0
2016-04-09T20:00:00,152.388,155.747,151.954,154.556,0
2016-04-16T20:00:00,153.618,161.243,152.508,161.184,0
2016-04-23T20:00:00,161.703,162.805,155.247,155.342,0
2016-04-30T20:00:00,155.014,156.646,153.625,154.473,0
2016-05-07T20:00:00,154.377,158.482,154.367,155.959,0
2016-05-14T20:00:00,155.874,161.627,155.657,159.69,0
2016-05-21T20:00:00,159.754,162.518,158.036,161.239,0
2016-05-28T20:00:00,161.267,163.881,154.573,154.636,0
2016-06-04T20:00:00,153.96,157.938,151.494,152.516,0
2016-06-11T20:00:00,152.269,152.386,145.382,149.337,0
2016-06-18T20:00:00,151.518,160.1,133.241,139.436,0
2016-06-25T20:00:00,136.539,139.009,133.327,136.096,0
2016-07-02T20:00:00,135.951,136.799,128.768,130.189,0
2016-07-09T20:00:00,130.263,143.221,130.144,138.3,0
2016-07-16T20:00:00,138.882,142.385,138.331,139.196,0
2016-07-23T20:00:00,139.366,140.126,134.919,134.949,0
2016-07-30T20:00:00,135.181,136.248,132.224,132.955,0
2016-08-06T20:00:00,133.201,134.008,130.355,130.772,0
2016-08-13T20:00:00,130.694,132.25,129.138,130.979,0
2016-08-20T20:00:00,131.582,133.863,131.148,133.685,0
2016-08-27T20:00:00,133.882,138.823,133.326,138.258,0
2016-09-03T20:00:00,138.403,138.461,135.006,136.263,0
2016-09-10T20:00:00,136.14,136.614,132.921,132.949,0
2016-09-17T20:00:00,132.834,133.469,130.401,131.016,0
2016-09-24T20:00:00,130.9,132.427,129.618,131.544,0
2016-10-01T20:00:00,130.777,132.22,122.107,128.051,0
2016-10-08T20:00:00,128.087,128.602,124.82,126.95,0
2016-10-15T20:00:00,126.763,128.157,126.113,126.947,0
2016-10-22T20:00:00,126.84,128.413,126.588,127.687,0
2016-10-29T20:00:00,127.278,129.443,126.475,129.027,0
2016-11-05T20:00:00,129.416,134.906,126.7,134.395,0
2016-11-12T19:00:00,134.273,137.575,134.114,136.94,0
2016-11-19T19:00:00,137.008,141.736,136.269,140.811,0
2016-11-26T19:00:00,140.881,145.182,138.501,144.559,0
2016-12-03T19:00:00,142.872,146.028,142.529,144.884,0
2016-12-10T19:00:00,145.195,148.446,144.906,147.246,0
2016-12-17T19:00:00,147.146,147.284,143.481,144.151,0
2016-12-24T19:00:00,143.876,144.69,142.159,144.278,0
2016-12-31T19:00:00,144.301,145.386,142.492,143.663,0
2017-01-07T19:00:00,143.408,143.845,138.909,139.597,0
2017-01-14T19:00:00,137.501,142.163,136.442,141.78,0
2017-01-21T19:00:00,141.505,144.774,140.746,144.384,0
2017-01-28T19:00:00,144.322,144.617,140.371,140.518,0
2017-02-04T19:00:00,140.415,142.365,138.529,141.335,0
2017-02-11T19:00:00,141.469,142.803,139.621,140.088,0
2017-02-18T19:00:00,140.08,142.026,139.405,139.688,0
2017-02-25T19:00:00,139.796,140.744,138.823,140.206,0
2017-03-04T19:00:00,140.06,140.529,138.431,139.681,0
2017-03-11T19:00:00,139.415,140.605,138.549,139.634,0
2017-03-18T20:00:00,139.559,140.403,137.749,138.873,0
2017-03-25T20:00:00,138.499,140.082,137.512,139.825,0
2017-04-01T20:00:00,139.707,139.892,136.948,137.412,0
2017-04-08T20:00:00,137.445,138.255,135.958,136.035,0
2017-04-15T20:00:00,136.248,140.332,135.587,139.755,0
2017-04-22T20:00:00,141.529,144.488,140.045,144.339,0
2017-04-29T20:00:00,144.018,146.424,143.795,146.279,0
2017-05-06T20:00:00,146.63,148.098,145.648,146.047,0
2017-05-13T20:00:00,145.889,147.105,143.343,145.023,0
2017-05-20T20:00:00,144.455,145.431,142.122,142.528,0
2017-05-27T20:00:00,142.359,143.944,141.479,142.372,0
2017-06-03T20:00:00,141.896,143.089,139.518,140.545,0
2017-06-10T20:00:00,140.315,142.325,138.661,141.637,0
2017-06-17T20:00:00,141.519,142.53,139.839,141.521,0
2017-06-24T20:00:00,141.546,146.54,141.48,146.426,0
2017-07-01T20:00:00,145.907,147.602,145.885,146.677,0
2017-07-08T20:00:00,146.674,147.768,145.257,147.448,0
2017-07-15T20:00:00,147.362,147.6,144.046,144.399,0
2017-07-22T20:00:00,144.282,146.549,144.016,145.43,0
2017-07-29T20:00:00,145.211,146.787,144.219,144.31,0
2017-08-05T20:00:00,144.28,144.71,141.243,141.968,0
2017-08-12T20:00:00,141.943,143.183,139.78,140.581,0
2017-08-19T20:00:00,140.562,141.028,139.299,140.762,0
2017-08-26T20:00:00,141.033,142.998,140.0,142.834,0
2017-09-02T20:00:00,141.939,142.674,141.182,142.298,0
2017-09-09T20:00:00,142.531,151.536,142.504,150.6,0
2017-09-16T20:00:00,150.552,152.848,150.121,150.99,0
2017-09-23T20:00:00,151.327,152.259,149.738,150.664,0
2017-09-30T20:00:00,150.477,150.957,147.032,147.2,0
2017-10-07T20:00:00,147.3,149.253,146.934,148.596,0
2017-10-14T20:00:00,148.503,149.818,147.768,149.701,0
2017-10-21T20:00:00,150.053,151.383,148.884,149.265,0
2017-10-28T20:00:00,149.21,151.926,148.651,149.151,0
2017-11-04T20:00:00,149.01,150.313,148.428,149.729,0
2017-11-11T19:00:00,149.478,149.671,147.922,148.232,0
2017-11-18T19:00:00,148.2,149.36,147.622,148.681,0
2017-11-25T19:00:00,148.494,152.471,146.962,151.114,0
2017-12-02T19:00:00,151.463,153.399,149.745,152.085,0
2017-12-09T19:00:00,151.807,152.332,149.398,150.017,0
2017-12-16T19:00:00,149.979,152.004,149.959,151.331,0
2017-12-23T19:00:00,151.167,152.5,151.167,152.151,0
2017-12-30T19:00:00,151.94,153.628,151.745,153.353,0
2018-01-06T19:00:00,153.343,153.659,150.186,152.474,0
2018-01-13T19:00:00,152.464,154.57,151.923,153.55,0
2018-01-20T19:00:00,153.502,156.075,153.416,153.724,0
2018-01-27T19:00:00,153.603,156.598,151.96,155.511,0
2018-02-03T19:00:00,155.342,155.536,148.908,150.43,0
2018-02-10T19:00:00,150.271,150.814,147.956,149.068,0
2018-02-17T19:00:00,148.98,150.918,148.53,149.257,0
2018-02-24T19:00:00,149.699,150.0,144.975,145.903,0
2018-03-03T19:00:00,145.477,148.535,145.069,147.909,0
2018-03-10T19:00:00,147.681,149.37,147.234,147.806,0
2018-03-17T20:00:00,147.827,150.301,147.039,147.985,0
2018-03-24T20:00:00,147.888,150.578,147.865,149.032,0
2018-03-31T20:00:00,148.878,151.214,148.372,150.685,0
2018-04-07T20:00:00,150.654,153.844,150.488,152.831,0
2018-04-14T20:00:00,152.9,153.752,150.685,150.772,0
2018-04-21T20:00:00,150.817,152.718,150.241,150.284,0
2018-04-28T20:00:00,150.231,150.836,147.048,147.546,0
2018-05-05T20:00:00,147.653,149.298,147.041,148.106,0
2018-05-12T20:00:00,148.02,149.998,147.951,149.208,0
2018-05-19T20:00:00,149.325,149.715,145.27,145.533,0
2018-05-26T20:00:00,146.114,146.293,143.184,146.195,0
2018-06-02T20:00:00,146.006,148.105,145.831,146.85,0
2018-06-09T20:00:00,146.577,147.978,146.29,146.953,0
2018-06-16T20:00:00,146.869,147.021,144.387,145.874,0
2018-06-23T20:00:00,145.675,146.326,143.776,146.172,0
2018-06-30T20:00:00,145.943,146.871,145.183,146.747,0
2018-07-07T20:00:00,147.011,148.894,146.14,148.697,0
2018-07-14T20:00:00,148.409,149.313,145.975,146.326,0
2018-07-21T20:00:00,146.085,146.521,145.266,145.397,0
2018-07-28T20:00:00,145.295,147.147,144.51,144.679,0
2018-08-04T20:00:00,144.506,144.736,140.942,141.601,0
2018-08-11T20:00:00,140.748,142.477,139.893,140.893,0
2018-08-18T20:00:00,140.892,143.236,140.666,142.941,0
2018-08-25T20:00:00,142.926,145.686,142.527,143.961,0
2018-09-01T20:00:00,143.333,144.963,142.593,143.427,0
2018-09-08T20:00:00,143.446,147.018,143.07,146.445,0
2018-09-15T20:00:00,146.354,149.715,146.315,147.205,0
2018-09-22T20:00:00,146.913,149.095,146.913,148.1,0
2018-09-29T20:00:00,148.258,149.42,147.194,149.075,0
2018-10-06T20:00:00,149.242,149.509,147.163,147.516,0
2018-10-13T20:00:00,146.689,148.406,145.813,146.987,0
2018-10-20T20:00:00,147.126,147.578,142.77,143.487,0
2018-10-27T20:00:00,143.417,147.255,143.213,146.713,0
2018-11-03T20:00:00,147.34,149.488,146.851,147.586,0
2018-11-10T19:00:00,146.927,148.728,144.254,144.741,0
2018-11-17T19:00:00,144.828,145.951,144.023,144.659,0
2018-11-24T19:00:00,144.756,145.836,144.514,144.708,0
2018-12-01T19:00:00,144.845,145.513,142.844,143.431,0
2018-12-08T19:00:00,143.071,143.934,141.173,142.594,0
2018-12-15T19:00:00,142.827,143.237,140.239,140.419,0
2018-12-22T19:00:00,140.28,140.874,139.464,139.989,0
2018-12-29T19:00:00,139.979,140.873,131.642,137.936,0
2019-01-05T19:00:00,138.047,139.48,137.446,139.288,0
2019-01-12T19:00:00,139.459,142.213,137.362,141.265,0
2019-01-19T19:00:00,141.224,144.839,140.622,144.507,0
2019-01-26T19:00:00,144.401,144.715,142.072,143.159,0
2019-02-02T19:00:00,143.086,144.174,141.127,141.951,0
2019-02-09T19:00:00,141.948,143.331,141.007,142.319,0
2019-02-16T19:00:00,142.544,145.043,142.477,144.421,0
2019-02-23T19:00:00,144.625,148.57,144.351,147.67,0
2019-03-02T19:00:00,148.156,148.31,144.316,144.62,0
2019-03-09T19:00:00,143.97,148.872,143.656,148.092,0
2019-03-16T20:00:00,148.178,148.388,144.136,145.11,0
2019-03-23T20:00:00,145.257,146.503,143.819,144.414,0
2019-03-30T20:00:00,144.735,147.191,144.385,145.586,0
2019-04-06T20:00:00,145.609,147.013,144.766,146.337,0
2019-04-13T20:00:00,146.289,146.996,145.234,145.31,0
2019-04-20T20:00:00,145.34,145.625,143.766,144.11,0
2019-04-27T20:00:00,144.17,146.504,143.931,146.311,0
2019-05-04T20:00:00,145.39,145.937,142.23,142.897,0
2019-05-11T20:00:00,142.671,142.867,139.546,139.935,0
2019-05-18T20:00:00,140.217,141.736,138.507,138.926,0
2019-05-25T20:00:00,139.084,139.641,136.628,136.718,0
2019-06-01T20:00:00,136.725,138.166,136.555,137.725,0
2019-06-08T20:00:00,138.13,138.323,136.509,136.6,0
2019-06-15T20:00:00,136.474,137.181,135.375,136.675,0
2019-06-22T20:00:00,136.626,137.332,135.731,136.899,0
2019-06-29T20:00:00,137.367,137.79,135.169,135.809,0
2019-07-06T20:00:00,135.796,136.276,135.08,135.67,0
2019-07-13T20:00:00,135.224,135.846,133.849,134.626,0
2019-07-20T20:00:00,134.424,135.668,133.953,134.537,0
2019-07-27T20:00:00,134.419,134.578,129.075,129.569,0
2019-08-03T20:00:00,129.088,130.065,126.948,127.047,0
2019-08-10T20:00:00,127.114,129.573,126.544,129.145,0
2019-08-17T20:00:00,129.091,130.697,128.264,129.433,0
2019-08-24T20:00:00,128.746,130.384,128.189,129.241,0
2019-08-31T20:00:00,128.767,132.165,126.673,131.322,0
2019-09-07T20:00:00,131.078,135.184,130.807,135.183,0
2019-09-14T20:00:00,134.029,135.745,133.874,134.109,0
2019-09-21T20:00:00,134.16,134.609,132.317,132.644,0
2019-09-28T20:00:00,132.664,133.355,131.28,131.858,0
2019-10-05T20:00:00,131.273,137.885,130.428,137.108,0
2019-10-12T20:00:00,136.767,141.496,135.497,140.402,0
2019-10-19T20:00:00,140.396,141.353,138.867,139.431,0
2019-10-26T20:00:00,139.293,140.686,139.25,139.953,0
2019-11-02T20:00:00,139.912,140.747,139.413,139.601,0
2019-11-09T19:00:00,139.73,140.587,139.365,140.352,0
2019-11-16T19:00:00,140.549,141.574,139.32,139.393,0
2019-11-23T19:00:00,139.719,141.85,139.549,141.594,0
2019-11-30T19:00:00,141.361,143.249,140.831,142.614,0
2019-12-07T19:00:00,142.657,147.955,142.477,145.821,0
2019-12-14T19:00:00,145.706,146.809,141.977,142.306,0
2019-12-21T19:00:00,142.161,143.639,141.144,143.272,0
2019-12-28T19:00:00,143.188,144.357,141.0,141.346,0
2020-01-04T19:00:00,141.014,143.496,140.837,143.051,0
2020-01-11T19:00:00,142.767,144.525,142.355,143.331,0
2020-01-18T19:00:00,143.004,144.607,142.716,142.851,0
2020-01-25T19:00:00,142.449,143.286,141.255,143.121,0
2020-02-01T19:00:00,142.781,143.372,140.923,141.422,0
2020-02-08T19:00:00,141.341,143.473,141.235,143.237,0
2020-02-15T19:00:00,143.154,144.957,142.311,144.563,0
2020-02-22T19:00:00,144.05,144.619,137.531,138.555,0
2020-02-29T19:00:00,137.104,139.18,136.435,137.432,0
2020-03-07T19:00:00,136.29,137.202,131.219,132.744,0
2020-03-14T20:00:00,131.496,133.039,123.783,128.61,0
2020-03-21T20:00:00,129.239,134.713,127.338,134.665,0
2020-03-28T20:00:00,133.767,134.622,132.406,133.072,0
2020-04-04T20:00:00,132.395,135.745,132.387,134.848,0
2020-04-11T20:00:00,134.935,135.493,133.634,134.509,0
2020-04-18T20:00:00,134.333,134.725,131.903,132.914,0
2020-04-25T20:00:00,132.964,135.448,131.938,133.561,0
2020-05-02T20:00:00,133.322,133.443,130.656,132.373,0
2020-05-09T20:00:00,132.175,133.187,129.645,129.69,0
2020-05-16T20:00:00,129.389,132.504,129.295,130.922,0
2020-05-23T20:00:00,130.937,133.458,130.894,133.13,0
2020-05-30T20:00:00,132.701,139.734,132.7,138.83,0
2020-06-06T20:00:00,138.953,139.574,133.794,134.711,0
2020-06-13T20:00:00,134.274,136.35,131.941,131.971,0
2020-06-20T20:00:00,131.716,133.986,131.688,132.272,0
2020-06-27T20:00:00,132.105,134.7,131.952,134.163,0
2020-07-04T20:00:00,133.924,135.917,133.924,134.935,0
2020-07-11T20:00:00,134.983,135.482,133.979,134.511,0
2020-07-18T20:00:00,134.429,136.623,134.287,135.791,0
2020-07-25T20:00:00,135.611,139.199,135.143,138.582,0
2020-08-01T20:00:00,138.311,139.235,137.745,138.267,0
2020-08-08T20:00:00,138.163,140.205,137.832,139.506,0
2020-08-15T20:00:00,139.558,139.954,138.251,138.515,0
2020-08-22T20:00:00,138.345,141.612,138.288,140.645,0
2020-08-29T20:00:00,140.634,142.715,140.114,141.046,0
2020-09-05T20:00:00,140.693,140.993,135.568,135.829,0
2020-09-12T20:00:00,135.572,136.584,134.57,135.123,0
2020-09-19T20:00:00,135.092,135.329,133.037,134.495,0
2020-09-26T20:00:00,134.576,137.006,134.358,136.258,0
2020-10-03T20:00:00,136.168,137.826,135.87,137.826,0
2020-10-10T20:00:00,137.729,137.825,135.39,136.039,0
2020-10-17T20:00:00,135.843,137.663,135.835,136.583,0
2020-10-24T20:00:00,136.672,137.064,134.401,135.543,0
2020-10-31T20:00:00,135.036,137.378,134.872,135.906,0
2020-11-07T19:00:00,135.943,140.312,135.697,138.068,0
2020-11-14T19:00:00,137.855,138.866,137.19,137.983,0
2020-11-21T19:00:00,137.903,139.854,137.811,138.509,0
2020-11-28T19:00:00,138.686,140.704,138.156,139.962,0
2020-12-05T19:00:00,139.635,140.331,136.787,137.62,0
2020-12-12T19:00:00,138.936,140.443,138.264,139.456,0
2020-12-19T19:00:00,138.769,141.211,136.964,140.249,0
2020-12-26T19:00:00,140.152,141.248,139.432,141.122,0
2021-01-02T19:00:00,140.683,141.371,139.51,140.994,0
2021-01-09T19:00:00,140.845,142.258,140.337,141.077,0
2021-01-16T19:00:00,141.122,142.333,140.355,141.985,0
2021-01-23T19:00:00,141.865,143.955,141.277,143.457,0
2021-01-30T19:00:00,143.57,144.881,142.836,144.754,0
2021-02-06T19:00:00,144.431,145.473,144.027,145.333,0
2021-02-13T19:00:00,145.356,148.157,145.312,147.62,0
2021-02-20T19:00:00,147.675,150.441,147.402,148.369,0
2021-02-27T19:00:00,148.454,150.73,148.109,149.876,0
2021-03-06T19:00:00,149.674,152.229,149.624,151.752,0
2021-03-13T19:00:00,151.703,152.548,150.563,150.93,0
2021-03-20T20:00:00,150.308,151.544,148.523,151.248,0
2021-03-27T20:00:00,151.287,153.199,150.579,152.963,0
2021-04-03T20:00:00,152.918,153.413,149.587,150.255,0
2021-04-10T20:00:00,150.35,150.822,149.379,150.566,0
2021-04-17T20:00:00,150.394,151.981,149.055,149.763,0
2021-04-24T20:00:00,149.621,152.405,149.533,151.013,0
2021-05-01T20:00:00,150.927,152.228,150.792,151.891,0
2021-05-08T20:00:00,152.016,154.43,151.889,154.173,0
2021-05-15T20:00:00,154.104,154.827,153.535,154.166,0
2021-05-22T20:00:00,154.132,156.072,153.765,155.876,0
2021-05-29T20:00:00,155.684,155.93,154.731,155.13,0
2021-06-05T20:00:00,154.996,155.311,154.128,154.791,0
2021-06-12T20:00:00,154.583,155.483,151.977,152.049,0
2021-06-19T20:00:00,152.161,155.151,151.311,153.778,0
2021-06-26T20:00:00,153.841,154.227,152.61,153.561,0
2021-07-03T20:00:00,153.348,154.068,150.664,153.035,0
2021-07-10T20:00:00,152.99,153.481,151.423,151.524,0
2021-07-17T20:00:00,151.528,152.16,148.457,151.945,0
2021-07-24T20:00:00,151.878,153.441,151.398,152.502,0
2021-07-31T20:00:00,152.408,153.244,151.163,152.909,0
2021-08-07T20:00:00,152.832,153.311,151.927,152.0,0
2021-08-14T20:00:00,151.922,152.195,149.182,149.571,0
2021-08-21T20:00:00,149.459,151.591,149.216,151.107,0
2021-08-28T20:00:00,151.159,152.294,150.943,152.014,0
2021-09-04T20:00:00,151.943,152.635,151.417,152.0,0
2021-09-11T20:00:00,152.005,152.848,150.824,150.962,0
2021-09-18T20:00:00,151.01,151.731,148.949,151.391,0
2021-09-25T20:00:00,151.174,152.571,149.224,150.41,0
2021-10-02T20:00:00,150.322,152.939,150.195,152.825,0
2021-10-09T20:00:00,152.84,157.415,152.674,157.022,0
2021-10-16T20:00:00,157.076,158.214,155.922,156.158,0
2021-10-23T20:00:00,156.041,157.771,155.7,156.046,0
2021-10-30T20:00:00,156.04,156.491,152.807,153.017,0
2021-11-06T20:00:00,152.759,153.739,152.357,152.796,0
2021-11-13T19:00:00,152.81,154.731,152.517,153.287,0
2021-11-20T19:00:00,153.29,154.213,150.701,151.063,0
2021-11-27T19:00:00,151.628,151.917,148.974,149.273,0
2021-12-04T19:00:00,149.099,151.123,149.099,150.369,0
2021-12-11T19:00:00,150.003,152.633,149.763,150.498,0
2021-12-18T19:00:00,150.432,153.704,149.522,153.212,0
2021-12-25T19:00:00,153.291,156.015,153.097,155.657,0
2022-01-01T19:00:00,155.679,157.763,154.882,157.036,0
2022-01-08T19:00:00,156.924,157.707,155.453,156.212,0
2022-01-15T19:00:00,156.025,156.9,153.906,154.074,0
2022-01-22T19:00:00,154.029,154.961,152.899,154.36,0
2022-01-29T19:00:00,154.428,156.501,154.384,155.827,0
2022-02-05T19:00:00,156.12,158.064,155.133,156.508,0
2022-02-12T19:00:00,156.307,157.285,155.301,156.363,0
2022-02-19T19:00:00,156.332,156.775,153.362,154.918,0
2022-02-26T19:00:00,153.546,155.224,151.464,151.987,0
2022-03-05T19:00:00,152.067,153.398,150.976,152.91,0
2022-03-12T19:00:00,152.981,157.22,152.898,156.987,0
2022-03-19T20:00:00,156.92,161.497,156.37,160.936,0
2022-03-26T20:00:00,161.015,164.627,159.034,160.684,0
2022-04-02T20:00:00,160.585,162.342,160.269,161.977,0
2022-04-09T20:00:00,161.708,165.409,161.603,164.973,0
2022-04-16T20:00:00,164.981,168.424,164.633,165.001,0
2022-04-23T20:00:00,164.916,165.302,159.562,163.33,0
2022-04-30T20:00:00,163.278,163.88,160.308,161.036,0
2022-05-07T20:00:00,161.106,162.175,155.586,158.443,0
2022-05-14T20:00:00,158.239,161.845,157.421,159.791,0
2022-05-21T20:00:00,159.621,160.999,157.975,160.533,0
2022-05-28T20:00:00,160.113,164.084,160.009,163.332,0
2022-06-04T20:00:00,163.404,168.722,162.899,165.409,0
2022-06-11T20:00:00,165.34,166.216,159.98,164.882,0
2022-06-18T20:00:00,164.922,167.807,164.462,165.904,0
2022-06-25T20:00:00,165.668,166.924,161.575,163.578,0
2022-07-02T20:00:00,163.68,165.28,160.39,163.791,0
2022-07-09T20:00:00,163.28,165.192,161.833,164.36,0
2022-07-16T20:00:00,164.338,166.245,163.0,163.338,0
2022-07-23T20:00:00,163.282,166.335,161.531,162.311,0
2022-07-30T20:00:00,161.984,163.881,159.442,162.967,0
2022-08-06T20:00:00,162.925,163.845,161.26,161.987,0
2022-08-13T20:00:00,161.841,163.531,160.089,161.867,0
2022-08-20T20:00:00,161.739,162.607,160.803,161.401,0
2022-08-27T20:00:00,161.405,162.648,160.899,161.416,0
2022-09-03T20:00:00,160.689,166.311,160.663,165.271,0
2022-09-10T20:00:00,165.383,167.555,162.74,163.268,0
2022-09-17T20:00:00,163.101,164.442,155.45,155.716,0
2022-09-24T20:00:00,154.964,162.177,148.374,161.414,0
2022-10-01T20:00:00,161.495,165.713,160.543,161.108,0
2022-10-08T20:00:00,160.93,167.285,159.723,166.256,0
2022-10-15T20:00:00,166.815,170.092,164.184,166.689,0
2022-10-22T20:00:00,168.145,171.369,165.306,171.294,0
2022-10-29T20:00:00,170.976,172.131,165.026,166.788,0
2022-11-05T20:00:00,166.217,169.094,163.034,164.192,0
2022-11-12T19:00:00,163.332,167.316,163.258,166.762,0
2022-11-19T19:00:00,166.877,169.002,166.097,168.102,0
2022-11-26T19:00:00,167.857,168.176,164.034,165.087,0
2022-12-03T19:00:00,165.045,168.058,164.636,167.446,0
2022-12-10T19:00:00,167.193,169.274,165.98,166.155,0
2022-12-17T19:00:00,165.07,167.016,158.584,159.99,0
2022-12-24T19:00:00,159.944,162.338,157.838,158.536,0
2022-12-31T19:00:00,157.863,160.176,155.358,159.818,0
2023-01-07T19:00:00,159.319,161.234,155.646,156.431,0
2023-01-14T19:00:00,155.995,161.528,155.817,160.685,0
2023-01-21T19:00:00,160.466,161.806,159.505,160.963,0
2023-01-28T19:00:00,160.795,161.419,156.729,158.084,0
2023-02-04T19:00:00,159.167,159.953,157.426,158.405,0
2023-02-11T19:00:00,158.276,162.179,158.259,161.52,2
2023-02-18T19:00:00,161.328,163.755,161.169,162.943,2
2023-02-25T19:00:00,162.927,166.007,162.6,163.591,2
2023-03-04T19:00:00,163.478,164.238,161.613,162.497,2
2023-03-11T19:00:00,162.408,164.143,158.553,160.494,2
2023-03-18T20:00:00,160.561,163.337,158.263,159.872,2
2023-03-25T20:00:00,159.586,165.466,159.415,163.76,2
2023-04-01T20:00:00,164.318,166.398,162.776,164.046,2
2023-04-08T20:00:00,163.993,166.853,163.795,166.023,2
2023-04-15T20:00:00,165.97,167.972,165.514,166.91,2
2023-04-22T20:00:00,166.571,171.171,165.423,171.12,2
2023-04-29T20:00:00,171.108,172.328,168.056,170.283,2
2023-05-06T20:00:00,170.191,171.176,167.839,168.951,2
2023-05-13T20:00:00,168.918,172.504,168.752,171.716,2
2023-05-20T20:00:00,171.572,173.733,171.197,173.587,2
2023-05-27T20:00:00,173.467,174.68,172.526,174.253,2
2023-06-03T20:00:00,174.214,175.538,172.663,175.328,2
2023-06-10T20:00:00,174.975,182.039,174.351,181.9,2
2023-06-17T20:00:00,181.642,182.944,179.921,182.746,2
2023-06-24T20:00:00,182.509,183.876,181.688,183.16,2
2023-07-01T20:00:00,183.138,184.012,182.015,182.421,2
2023-07-08T20:00:00,182.347,183.222,179.466,181.693,2
2023-07-15T20:00:00,181.585,182.526,179.72,182.287,2
2023-07-22T20:00:00,181.889,182.341,176.291,181.331,2
2023-07-29T20:00:00,180.936,183.247,180.33,180.746,2
2023-08-05T20:00:00,180.437,184.244,180.428,184.02,2
2023-08-12T20:00:00,183.947,186.469,183.458,185.101,2
2023-08-19T20:00:00,185.097,186.761,183.353,184.151,2
2023-08-26T20:00:00,184.152,186.062,183.538,184.102,2
2023-09-02T20:00:00,183.757,185.782,183.061,184.159,2
2023-09-09T20:00:00,183.594,184.388,182.512,183.084,2
2023-09-16T20:00:00,182.841,183.491,180.783,181.547,2
2023-09-23T20:00:00,181.587,183.019,180.881,182.252,2
2023-09-30T20:00:00,182.084,182.979,178.036,182.635,2
2023-10-07T20:00:00,181.825,183.817,181.25,181.55,2
2023-10-14T20:00:00,181.057,182.813,180.945,182.279,2
2023-10-21T20:00:00,181.698,183.752,181.04,181.38,2
2023-10-28T20:00:00,180.937,185.02,180.763,184.945,0
2023-11-04T20:00:00,184.611,185.963,184.43,185.215,0
2023-11-11T19:00:00,184.851,188.286,184.477,186.488,0
2023-11-18T19:00:00,186.28,188.661,184.46,188.294,0
2023-11-25T19:00:00,188.164,188.531,186.19,186.625,0
2023-12-02T19:00:00,185.915,186.506,178.679,181.935,0
2023-12-09T19:00:00,181.279,184.324,178.327,180.194,0
2023-12-16T19:00:00,180.185,184.176,179.734,180.784,0
2023-12-23T19:00:00,180.577,182.164,178.998,179.578,0
2023-12-30T19:00:00,178.845,184.306,178.673,183.918,0
2024-01-06T19:00:00,183.204,186.162,182.753,184.728,0
2024-01-13T19:00:00,184.586,188.933,184.198,188.18,0
2024-01-20T19:00:00,188.005,188.909,187.118,188.157,2
2024-01-27T19:00:00,187.105,188.296,185.227,187.463,0
2024-02-03T19:00:00,187.36,188.866,186.126,188.53,0
2024-02-10T19:00:00,188.309,190.082,187.853,189.229,0
2024-02-17T19:00:00,188.887,191.143,188.887,190.723,0
2024-02-24T19:00:00,190.621,191.323,189.041,189.985,0
2024-03-02T19:00:00,189.585,191.189,188.231,189.102,0
2024-03-09T19:00:00,188.871,190.029,187.862,189.83,0
2024-03-16T20:00:00,189.506,193.533,189.453,190.762,0
2024-03-23T20:00:00,190.512,191.676,190.34,190.946,0
2024-03-30T20:00:00,190.962,192.246,190.035,191.616,0
2024-04-06T20:00:00,191.351,192.909,189.989,190.848,0
2024-04-13T20:00:00,190.384,192.839,190.238,191.308,0
2024-04-20T20:00:00,191.177,197.929,190.319,197.745,0
2024-04-27T20:00:00,196.91,200.55,191.363,191.794,0
2024-05-04T20:00:00,191.683,195.343,191.536,195.106,0
2024-05-11T20:00:00,194.795,197.855,194.679,197.743,0
2024-05-18T20:00:00,197.452,200.066,197.247,199.868,0
2024-05-25T20:00:00,199.756,200.746,198.75,200.38,0
2024-06-01T20:00:00,200.097,200.65,197.203,199.42,0
2024-06-08T20:00:00,199.518,201.618,198.92,199.674,0
2024-06-15T20:00:00,199.454,202.036,199.06,202.015,0
2024-06-22T20:00:00,201.803,203.587,201.11,203.401,0
2024-06-29T20:00:00,202.719,206.444,202.719,206.042,0
2024-07-06T20:00:00,205.524,208.112,203.819,205.039,0
2024-07-13T20:00:00,204.863,205.788,202.091,203.354,0
2024-07-20T20:00:00,203.191,203.612,195.862,197.812,0
2024-07-27T20:00:00,197.583,199.495,187.373,187.674,0
2024-08-03T20:00:00,187.663,188.421,180.071,187.088,0
2024-08-10T20:00:00,187.004,192.02,186.855,191.051,0
2024-08-17T20:00:00,190.785,192.033,188.233,190.798,0
2024-08-24T20:00:00,190.426,192.019,189.493,191.94,0
2024-08-31T20:00:00,191.693,193.479,186.512,186.869,0
2024-09-07T20:00:00,186.621,188.128,183.717,184.892,0
2024-09-14T20:00:00,184.627,191.991,183.76,191.704,0
2024-09-21T20:00:00,191.281,195.974,189.999,190.236,0
2024-09-28T20:00:00,190.062,195.525,189.558,195.04,0
2024-10-05T20:00:00,194.854,195.619,192.886,194.849,0
2024-10-12T20:00:00,194.572,196.048,193.702,195.103,0
2024-10-19T20:00:00,194.857,198.437,194.564,197.409,0
2024-10-26T20:00:00,198.669,199.802,195.367,197.641,4
2024-11-02T20:00:00,197.414,199.561,196.489,197.156,4
2024-11-09T19:00:00,197.091,198.464,194.289,194.825,3
2024-11-16T19:00:00,194.819,197.785,192.846,193.962,4
2024-11-23T19:00:00,194.045,194.627,190.147,190.547,3
2024-11-30T19:00:00,190.389,192.371,188.078,191.197,4
2024-12-07T19:00:00,191.009,194.994,190.599,193.958,3
2024-12-14T19:00:00,193.755,198.952,193.546,196.623,3
2024-12-21T19:00:00,196.399,198.704,196.281,198.498,5
2024-12-28T19:00:00,198.335,198.946,194.189,195.41,4
2025-01-04T19:00:00,195.207,198.254,192.201,192.555,4
2025-01-11T19:00:00,192.431,192.995,189.33,190.14,4
2025-01-18T19:00:00,190.1,194.751,189.886,194.677,4
2025-01-25T19:00:00,193.833,194.645,191.184,192.288,4
2025-02-01T19:00:00,190.203,193.17,187.047,187.772,4
2025-02-08T19:00:00,187.157,193.055,187.077,191.722,4
2025-02-15T19:00:00,191.535,192.132,188.148,188.594,4
2025-02-22T19:00:00,188.451,190.313,187.676,189.388,4
2025-03-01T19:00:00,189.349,192.55,188.243,191.256,4
2025-03-08T19:00:00,191.049,193.108,188.794,192.252,4
2025-03-15T20:00:00,192.119,194.907,191.965,192.819,4
2025-03-22T20:00:00,192.502,195.977,192.453,193.951,4
2025-03-29T20:00:00,193.649,195.776,187.527,189.251,4
2025-04-05T20:00:00,186.761,190.089,184.378,187.681,5
2025-04-12T20:00:00,188.289,189.652,186.576,188.849,5
2025-04-19T20:00:00,188.571,191.719,187.464,191.343,5
2025-04-26T20:00:00,190.973,193.755,189.978,192.169,5
2025-05-03T20:00:00,191.806,193.495,190.269,193.294,4
2025-05-10T20:00:00,193.704,196.408,193.032,193.422,4
2025-05-17T20:00:00,192.637,194.205,191.894,192.93,5
2025-05-24T20:00:00,192.623,196.318,192.546,193.84,4
2025-05-31T20:00:00,193.561,196.187,192.724,195.912,4
2025-06-07T20:00:00,195.813,196.45,193.761,195.547,4
2025-06-14T20:00:00,195.128,196.847,194.014,196.45,4
2025-06-21T20:00:00,196.505,198.807,196.101,198.445,4
2025-06-28T20:00:00,197.685,198.45,195.357,197.187,4
2025-07-05T20:00:00,196.67,199.832,196.67,198.894,4
2025-07-12T20:00:00,198.419,199.97,197.851,199.551,4
2025-07-19T20:00:00,198.2,199.42,197.43,198.301,4
2025-07-26T20:00:00,198.257,199.52,195.327,195.761,4
2025-08-02T20:00:00,195.03,198.825,194.947,198.645,0
2025-08-09T20:00:00,198.051,200.283,198.051,199.508,2
2025-08-16T20:00:00,199.317,200.265,197.846,198.713,2
2025-08-23T20:00:00,198.239,199.293,197.895,198.547,3
2025-08-30T20:00:00,198.244,200.268,198.148,199.057,2
2025-09-06T20:00:00,199.985,200.486,198.771,200.234,2
2025-09-13T20:00:00,200.519,201.269,199.206,199.287,2
2025-09-20T20:00:00,198.877,200.511,198.87,200.397,2
2025-09-27T20:00:00,199.932,200.42,197.488,198.796,2
2025-10-04T20:00:00,200.652,205.322,200.159,201.876,3
2025-10-11T20:00:00,202.644,203.515,200.678,202.184,2
2025-10-18T20:00:00,201.763,203.983,201.533,203.474,3
2025-10-25T20:00:00,203.309,204.243,200.563,202.472,2
2025-11-01T20:00:00,202.061,202.801,199.057,201.88,3
2025-11-08T19:00:00,202.007,204.073,201.753,203.542,5
2025-11-15T19:00:00,203.253,206.858,203.108,204.836,6
2025-11-22T19:00:00,204.747,207.201,204.747,206.658,5
2025-11-29T19:00:00,206.36,207.36,205.194,207.057,5
2025-12-06T19:00:00,206.753,208.945,206.586,208.309,5
2025-12-13T19:00:00,208.383,211.047,206.768,211.001,5
2025-12-20T19:00:00,210.695,211.592,210.038,211.341,5
2025-12-27T19:00:00,211.033,211.442,210.255,211.1,6
2026-01-03T19:00:00,210.751,212.145,210.301,211.596,5
2026-01-10T19:00:00,211.742,214.291,211.383,211.441,5
2026-01-17T19:00:00,210.741,214.856,210.628,212.443,5
2026-01-24T19:00:00,211.284,212.472,209.603,211.777,5
2026-01-31T19:00:00,212.015,215.005,211.283,213.976,5
2026-02-07T19:00:00,214.185,214.429,207.557,208.451,5
2026-02-14T19:00:00,208.285,209.683,207.23,209.044,6
2026-02-21T19:00:00,208.749,212.118,208.137,210.41,5
2026-02-28T19:00:00,209.117,211.545,208.982,211.437,5
2026-03-07T19:00:00,210.725,213.304,210.605,211.171,5
2026-03-14T20:00:00,211.415,212.769,210.795,212.464,5
2026-03-21T20:00:00,211.937,213.307,211.576,212.634,5
2026-03-28T20:00:00,212.413,212.637,209.616,210.387,5
2026-04-04T20:00:00,210.453,214.583,210.162,214.522,5
2026-04-11T20:00:00,213.644,215.904,213.523,214.371,5
2026-04-18T20:00:00,213.995,215.772,213.987,215.68,5
2026-04-25T20:00:00,215.441,216.595,210.418,213.168,4
2026-05-02T20:00:00,212.991,214.226,210.734,213.653,5
2026-05-09T20:00:00,212.055,214.422,211.291,211.432,5
2026-05-16T20:00:00,211.126,214.041,211.113,213.843,5
2026-05-23T20:00:00,213.587,214.677,213.324,214.29,5
2026-05-30T20:00:00,214.322,215.608,213.525,213.695,5
2026-06-06T20:00:00,213.485,215.234,212.927,214.912,5
